"","Date","SP500","InterestRate"
"1",2010-01-04,1132.98999,3.841
"2",2010-01-05,1136.52002,3.755
"3",2010-01-06,1137.140015,3.808
"4",2010-01-07,1141.689941,3.822
"5",2010-01-08,1144.97998,3.808
"6",2010-01-11,1146.97998,3.818
"7",2010-01-12,1136.219971,3.719
"8",2010-01-13,1145.680054,3.783
"9",2010-01-14,1148.459961,3.734
"10",2010-01-15,1136.030029,3.676
"11",2010-01-19,1150.22998,3.707
"12",2010-01-20,1138.040039,3.659
"13",2010-01-21,1116.47998,3.611
"14",2010-01-22,1091.76001,3.598
"15",2010-01-25,1096.780029,3.63
"16",2010-01-26,1092.170044,3.63
"17",2010-01-27,1097.5,3.644
"18",2010-01-28,1084.530029,3.658
"19",2010-01-29,1073.869995,3.609
"20",2010-02-01,1089.189941,3.654
"21",2010-02-02,1103.319946,3.635
"22",2010-02-03,1097.280029,3.703
"23",2010-02-04,1063.109985,3.61
"24",2010-02-05,1066.189941,3.546
"25",2010-02-08,1056.73999,3.592
"26",2010-02-09,1070.52002,3.633
"27",2010-02-10,1068.130005,3.694
"28",2010-02-11,1078.469971,3.733
"29",2010-02-12,1075.51001,3.693
"30",2010-02-16,1094.869995,3.664
"31",2010-02-17,1099.51001,3.742
"32",2010-02-18,1106.75,3.803
"33",2010-02-19,1109.170044,3.782
"34",2010-02-22,1108.01001,3.799
"35",2010-02-23,1094.599976,3.691
"36",2010-02-24,1105.23999,3.695
"37",2010-02-25,1102.939941,3.642
"38",2010-02-26,1104.48999,3.595
"39",2010-03-01,1115.709961,3.606
"40",2010-03-02,1118.310059,3.614
"41",2010-03-03,1118.790039,3.625
"42",2010-03-04,1122.969971,3.606
"43",2010-03-05,1138.699951,3.682
"44",2010-03-08,1138.5,3.708
"45",2010-03-09,1140.449951,3.701
"46",2010-03-10,1145.609985,3.72
"47",2010-03-11,1150.23999,3.72
"48",2010-03-12,1149.98999,3.71
"49",2010-03-15,1150.51001,3.704
"50",2010-03-16,1159.459961,3.653
"51",2010-03-17,1166.209961,3.642
"52",2010-03-18,1165.829956,3.672
"53",2010-03-19,1159.900024,3.687
"54",2010-03-22,1165.810059,3.663
"55",2010-03-23,1174.170044,3.68
"56",2010-03-24,1167.719971,3.829
"57",2010-03-25,1165.72998,3.901
"58",2010-03-26,1166.589966,3.855
"59",2010-03-29,1173.219971,3.864
"60",2010-03-30,1173.27002,3.868
"61",2010-03-31,1169.430054,3.833
"62",2010-04-01,1178.099976,3.859
"63",2010-04-05,1187.439941,3.994
"64",2010-04-06,1189.439941,3.968
"65",2010-04-07,1182.449951,3.863
"66",2010-04-08,1186.439941,3.896
"67",2010-04-09,1194.369995,3.888
"68",2010-04-12,1196.47998,3.846
"69",2010-04-13,1197.300049,3.811
"70",2010-04-14,1210.650024,3.855
"71",2010-04-15,1211.670044,3.848
"72",2010-04-16,1192.130005,3.77
"73",2010-04-19,1197.52002,3.807
"74",2010-04-20,1207.170044,3.805
"75",2010-04-21,1205.939941,3.738
"76",2010-04-22,1208.670044,3.772
"77",2010-04-23,1217.280029,3.817
"78",2010-04-26,1212.050049,3.815
"79",2010-04-27,1183.709961,3.69
"80",2010-04-28,1191.359985,3.773
"81",2010-04-29,1206.780029,3.728
"82",2010-04-30,1186.689941,3.663
"83",2010-05-03,1202.26001,3.705
"84",2010-05-04,1173.599976,3.613
"85",2010-05-05,1165.869995,3.55
"86",2010-05-06,1128.150024,3.398
"87",2010-05-07,1110.880005,3.429
"88",2010-05-10,1159.72998,3.539
"89",2010-05-11,1155.790039,3.535
"90",2010-05-12,1171.670044,3.567
"91",2010-05-13,1157.439941,3.564
"92",2010-05-14,1135.680054,3.442
"93",2010-05-17,1136.939941,3.472
"94",2010-05-18,1120.800049,3.376
"95",2010-05-19,1115.050049,3.359
"96",2010-05-20,1071.589966,3.264
"97",2010-05-21,1087.689941,3.2
"98",2010-05-24,1073.650024,3.227
"99",2010-05-25,1074.030029,3.158
"100",2010-05-26,1067.949951,3.218
"101",2010-05-27,1103.060059,3.338
"102",2010-05-28,1089.410034,3.301
"103",2010-06-01,1070.709961,3.296
"104",2010-06-02,1098.380005,3.334
"105",2010-06-03,1102.829956,3.379
"106",2010-06-04,1064.880005,3.195
"107",2010-06-07,1050.469971,3.184
"108",2010-06-08,1062,3.168
"109",2010-06-09,1055.689941,3.187
"110",2010-06-10,1086.839966,3.319
"111",2010-06-11,1091.599976,3.216
"112",2010-06-14,1089.630005,3.275
"113",2010-06-15,1115.22998,3.31
"114",2010-06-16,1114.609985,3.282
"115",2010-06-17,1116.040039,3.19
"116",2010-06-18,1117.51001,3.223
"117",2010-06-21,1113.199951,3.243
"118",2010-06-22,1095.310059,3.166
"119",2010-06-23,1092.040039,3.115
"120",2010-06-24,1073.689941,3.123
"121",2010-06-25,1076.76001,3.113
"122",2010-06-28,1074.569946,3.032
"123",2010-06-29,1041.23999,2.967
"124",2010-06-30,1030.709961,2.951
"125",2010-07-01,1027.369995,2.927
"126",2010-07-02,1022.580017,2.979
"127",2010-07-06,1028.060059,2.932
"128",2010-07-07,1060.27002,2.98
"129",2010-07-08,1070.25,3.02
"130",2010-07-09,1077.959961,3.056
"131",2010-07-12,1078.75,3.046
"132",2010-07-13,1095.339966,3.114
"133",2010-07-14,1095.170044,3.05
"134",2010-07-15,1096.47998,2.978
"135",2010-07-16,1064.880005,2.939
"136",2010-07-19,1071.25,2.964
"137",2010-07-20,1083.47998,2.932
"138",2010-07-21,1069.589966,2.892
"139",2010-07-22,1093.670044,2.932
"140",2010-07-23,1102.660034,2.994
"141",2010-07-26,1115.01001,2.994
"142",2010-07-27,1113.839966,3.047
"143",2010-07-28,1106.130005,3.001
"144",2010-07-29,1101.530029,2.999
"145",2010-07-30,1101.599976,2.907
"146",2010-08-02,1125.859985,2.963
"147",2010-08-03,1120.459961,2.914
"148",2010-08-04,1127.23999,2.952
"149",2010-08-05,1125.810059,2.915
"150",2010-08-06,1121.640015,2.824
"151",2010-08-09,1127.790039,2.822
"152",2010-08-10,1121.060059,2.781
"153",2010-08-11,1089.469971,2.685
"154",2010-08-12,1083.609985,2.735
"155",2010-08-13,1079.25,2.688
"156",2010-08-16,1079.380005,2.575
"157",2010-08-17,1092.540039,2.645
"158",2010-08-18,1094.160034,2.641
"159",2010-08-19,1075.630005,2.579
"160",2010-08-20,1071.689941,2.612
"161",2010-08-23,1067.359985,2.607
"162",2010-08-24,1051.869995,2.499
"163",2010-08-25,1055.329956,2.538
"164",2010-08-26,1047.219971,2.499
"165",2010-08-27,1064.589966,2.652
"166",2010-08-30,1048.920044,2.545
"167",2010-08-31,1049.329956,2.477
"168",2010-09-01,1080.290039,2.582
"169",2010-09-02,1090.099976,2.628
"170",2010-09-03,1104.51001,2.706
"171",2010-09-07,1091.839966,2.609
"172",2010-09-08,1098.869995,2.654
"173",2010-09-09,1104.180054,2.761
"174",2010-09-10,1109.550049,2.795
"175",2010-09-13,1121.900024,2.741
"176",2010-09-14,1121.099976,2.666
"177",2010-09-15,1125.069946,2.723
"178",2010-09-16,1124.660034,2.759
"179",2010-09-17,1125.589966,2.746
"180",2010-09-20,1142.709961,2.706
"181",2010-09-21,1139.780029,2.594
"182",2010-09-22,1134.280029,2.548
"183",2010-09-23,1124.829956,2.555
"184",2010-09-24,1148.670044,2.612
"185",2010-09-27,1142.160034,2.517
"186",2010-09-28,1147.699951,2.456
"187",2010-09-29,1144.72998,2.506
"188",2010-09-30,1141.199951,2.517
"189",2010-10-01,1146.23999,2.526
"190",2010-10-04,1137.030029,2.479
"191",2010-10-05,1160.75,2.474
"192",2010-10-06,1159.969971,2.399
"193",2010-10-07,1158.060059,2.396
"194",2010-10-08,1165.150024,2.381
"195",2010-10-11,1165.319946,2.4015
"196",2010-10-12,1169.77002,2.422
"197",2010-10-13,1178.099976,2.431
"198",2010-10-14,1173.810059,2.495
"199",2010-10-15,1176.189941,2.576
"200",2010-10-18,1184.709961,2.491
"201",2010-10-19,1165.900024,2.475
"202",2010-10-20,1178.170044,2.47
"203",2010-10-21,1180.26001,2.531
"204",2010-10-22,1183.079956,2.563
"205",2010-10-25,1185.619995,2.554
"206",2010-10-26,1185.640015,2.636
"207",2010-10-27,1182.449951,2.712
"208",2010-10-28,1183.780029,2.661
"209",2010-10-29,1183.26001,2.612
"210",2010-11-01,1184.380005,2.628
"211",2010-11-02,1193.569946,2.594
"212",2010-11-03,1197.959961,2.619
"213",2010-11-04,1221.060059,2.484
"214",2010-11-05,1225.849976,2.536
"215",2010-11-08,1223.25,2.563
"216",2010-11-09,1213.400024,2.659
"217",2010-11-10,1218.709961,2.648
"218",2010-11-11,1213.540039,2.648
"219",2010-11-12,1199.209961,2.756
"220",2010-11-15,1197.75,2.911
"221",2010-11-16,1178.339966,2.847
"222",2010-11-17,1178.589966,2.864
"223",2010-11-18,1196.689941,2.902
"224",2010-11-19,1199.72998,2.875
"225",2010-11-22,1197.839966,2.813
"226",2010-11-23,1180.72998,2.762
"227",2010-11-24,1198.349976,2.914
"228",2010-11-26,1189.400024,2.864
"229",2010-11-29,1187.76001,2.822
"230",2010-11-30,1180.550049,2.797
"231",2010-12-01,1206.069946,2.964
"232",2010-12-02,1221.530029,3
"233",2010-12-03,1224.709961,3.017
"234",2010-12-06,1223.119995,2.941
"235",2010-12-07,1223.75,3.165
"236",2010-12-08,1228.280029,3.236
"237",2010-12-09,1233,3.223
"238",2010-12-10,1240.400024,3.296
"239",2010-12-13,1240.459961,3.283
"240",2010-12-14,1241.589966,3.455
"241",2010-12-15,1235.22998,3.52
"242",2010-12-16,1242.869995,3.477
"243",2010-12-17,1243.910034,3.33
"244",2010-12-20,1247.079956,3.349
"245",2010-12-21,1254.599976,3.326
"246",2010-12-22,1258.839966,3.346
"247",2010-12-23,1256.77002,3.393
"248",2010-12-27,1257.540039,3.351
"249",2010-12-28,1258.51001,3.481
"250",2010-12-29,1259.780029,3.341
"251",2010-12-30,1257.880005,3.369
"252",2010-12-31,1257.640015,3.305
"253",2011-01-03,1271.869995,3.342
"254",2011-01-04,1270.199951,3.346
"255",2011-01-05,1276.560059,3.483
"256",2011-01-06,1273.849976,3.419
"257",2011-01-07,1271.5,3.328
"258",2011-01-10,1269.75,3.304
"259",2011-01-11,1274.47998,3.341
"260",2011-01-12,1285.959961,3.355
"261",2011-01-13,1283.76001,3.301
"262",2011-01-14,1293.23999,3.333
"263",2011-01-18,1295.02002,3.364
"264",2011-01-19,1281.920044,3.337
"265",2011-01-20,1280.26001,3.459
"266",2011-01-21,1283.349976,3.416
"267",2011-01-24,1290.839966,3.408
"268",2011-01-25,1291.180054,3.319
"269",2011-01-26,1296.630005,3.428
"270",2011-01-27,1299.540039,3.385
"271",2011-01-28,1276.339966,3.329
"272",2011-01-31,1286.119995,3.378
"273",2011-02-01,1307.589966,3.443
"274",2011-02-02,1304.030029,3.489
"275",2011-02-03,1307.099976,3.541
"276",2011-02-04,1310.869995,3.652
"277",2011-02-07,1319.050049,3.644
"278",2011-02-08,1324.569946,3.725
"279",2011-02-09,1320.880005,3.642
"280",2011-02-10,1321.869995,3.708
"281",2011-02-11,1329.150024,3.646
"282",2011-02-14,1332.319946,3.614
"283",2011-02-15,1328.01001,3.616
"284",2011-02-16,1336.319946,3.621
"285",2011-02-17,1340.430054,3.574
"286",2011-02-18,1343.01001,3.589
"287",2011-02-22,1315.439941,3.461
"288",2011-02-23,1307.400024,3.487
"289",2011-02-24,1306.099976,3.438
"290",2011-02-25,1319.880005,3.425
"291",2011-02-28,1327.219971,3.414
"292",2011-03-01,1306.329956,3.414
"293",2011-03-02,1308.439941,3.464
"294",2011-03-03,1330.969971,3.572
"295",2011-03-04,1321.150024,3.492
"296",2011-03-07,1310.130005,3.497
"297",2011-03-08,1321.819946,3.544
"298",2011-03-09,1320.02002,3.469
"299",2011-03-10,1295.109985,3.393
"300",2011-03-11,1304.280029,3.393
"301",2011-03-14,1296.390015,3.347
"302",2011-03-15,1281.869995,3.323
"303",2011-03-16,1256.880005,3.212
"304",2011-03-17,1273.719971,3.248
"305",2011-03-18,1279.209961,3.277
"306",2011-03-21,1298.380005,3.323
"307",2011-03-22,1293.77002,3.332
"308",2011-03-23,1297.540039,3.348
"309",2011-03-24,1309.660034,3.404
"310",2011-03-25,1313.800049,3.444
"311",2011-03-28,1310.189941,3.448
"312",2011-03-29,1319.439941,3.491
"313",2011-03-30,1328.26001,3.455
"314",2011-03-31,1325.829956,3.454
"315",2011-04-01,1332.410034,3.451
"316",2011-04-04,1332.869995,3.431
"317",2011-04-05,1332.630005,3.487
"318",2011-04-06,1335.540039,3.545
"319",2011-04-07,1333.51001,3.555
"320",2011-04-08,1328.170044,3.57
"321",2011-04-11,1324.459961,3.57
"322",2011-04-12,1314.160034,3.5
"323",2011-04-13,1314.410034,3.466
"324",2011-04-14,1314.52002,3.485
"325",2011-04-15,1319.680054,3.41
"326",2011-04-18,1305.140015,3.371
"327",2011-04-19,1312.619995,3.356
"328",2011-04-20,1330.359985,3.4
"329",2011-04-21,1337.380005,3.4
"330",2011-04-25,1335.25,3.363
"331",2011-04-26,1347.23999,3.32
"332",2011-04-27,1355.660034,3.368
"333",2011-04-28,1360.47998,3.312
"334",2011-04-29,1363.609985,3.296
"335",2011-05-02,1361.219971,3.286
"336",2011-05-03,1356.619995,3.255
"337",2011-05-04,1347.319946,3.223
"338",2011-05-05,1335.099976,3.168
"339",2011-05-06,1340.199951,3.157
"340",2011-05-09,1346.290039,3.142
"341",2011-05-10,1357.160034,3.195
"342",2011-05-11,1342.079956,3.157
"343",2011-05-12,1348.650024,3.23
"344",2011-05-13,1337.77002,3.187
"345",2011-05-16,1329.469971,3.149
"346",2011-05-17,1328.97998,3.121
"347",2011-05-18,1340.680054,3.171
"348",2011-05-19,1343.599976,3.171
"349",2011-05-20,1333.27002,3.152
"350",2011-05-23,1317.369995,3.134
"351",2011-05-24,1316.280029,3.123
"352",2011-05-25,1320.469971,3.129
"353",2011-05-26,1325.689941,3.061
"354",2011-05-27,1331.099976,3.064
"355",2011-05-31,1345.199951,3.05
"356",2011-06-01,1314.550049,2.966
"357",2011-06-02,1312.939941,3.03
"358",2011-06-03,1300.160034,2.997
"359",2011-06-06,1286.170044,3.002
"360",2011-06-07,1284.939941,3.011
"361",2011-06-08,1279.560059,2.962
"362",2011-06-09,1289,2.998
"363",2011-06-10,1270.97998,2.971
"364",2011-06-13,1271.829956,2.991
"365",2011-06-14,1287.869995,3.099
"366",2011-06-15,1265.420044,2.973
"367",2011-06-16,1267.640015,2.909
"368",2011-06-17,1271.5,2.944
"369",2011-06-20,1278.359985,2.963
"370",2011-06-21,1295.52002,2.985
"371",2011-06-22,1287.140015,2.993
"372",2011-06-23,1283.5,2.909
"373",2011-06-24,1268.449951,2.871
"374",2011-06-27,1280.099976,2.927
"375",2011-06-28,1296.670044,3.045
"376",2011-06-29,1307.410034,3.108
"377",2011-06-30,1320.640015,3.158
"378",2011-07-01,1339.670044,3.197
"379",2011-07-05,1337.880005,3.136
"380",2011-07-06,1339.219971,3.095
"381",2011-07-07,1353.219971,3.149
"382",2011-07-08,1343.800049,3.016
"383",2011-07-11,1319.48999,2.917
"384",2011-07-12,1313.640015,2.908
"385",2011-07-13,1317.719971,2.891
"386",2011-07-14,1308.869995,2.944
"387",2011-07-15,1316.140015,2.908
"388",2011-07-18,1305.439941,2.909
"389",2011-07-19,1326.72998,2.891
"390",2011-07-20,1325.839966,2.933
"391",2011-07-21,1343.800049,3.01
"392",2011-07-22,1345.02002,2.964
"393",2011-07-25,1337.430054,3.004
"394",2011-07-26,1331.939941,2.951
"395",2011-07-27,1304.890015,2.98
"396",2011-07-28,1300.670044,2.951
"397",2011-07-29,1292.280029,2.805
"398",2011-08-01,1286.939941,2.74
"399",2011-08-02,1254.050049,2.624
"400",2011-08-03,1260.339966,2.599
"401",2011-08-04,1200.069946,2.458
"402",2011-08-05,1199.380005,2.558
"403",2011-08-08,1119.459961,2.339
"404",2011-08-09,1172.530029,2.182
"405",2011-08-10,1120.76001,2.137
"406",2011-08-11,1172.640015,2.336
"407",2011-08-12,1178.810059,2.237
"408",2011-08-15,1204.48999,2.285
"409",2011-08-16,1192.76001,2.214
"410",2011-08-17,1193.890015,2.165
"411",2011-08-18,1140.650024,2.083
"412",2011-08-19,1123.530029,2.071
"413",2011-08-22,1123.819946,2.088
"414",2011-08-23,1162.349976,2.137
"415",2011-08-24,1177.599976,2.26
"416",2011-08-25,1159.27002,2.222
"417",2011-08-26,1176.800049,2.188
"418",2011-08-29,1210.079956,2.271
"419",2011-08-30,1212.920044,2.176
"420",2011-08-31,1218.890015,2.218
"421",2011-09-01,1204.420044,2.146
"422",2011-09-02,1173.969971,1.996
"423",2011-09-06,1165.23999,1.979
"424",2011-09-07,1198.619995,2.036
"425",2011-09-08,1185.900024,1.986
"426",2011-09-09,1154.22998,1.915
"427",2011-09-12,1162.27002,1.93
"428",2011-09-13,1172.869995,1.994
"429",2011-09-14,1188.680054,2.011
"430",2011-09-15,1209.109985,2.085
"431",2011-09-16,1216.01001,2.076
"432",2011-09-19,1204.089966,1.94
"433",2011-09-20,1202.089966,1.947
"434",2011-09-21,1166.76001,1.875
"435",2011-09-22,1129.560059,1.715
"436",2011-09-23,1136.430054,1.808
"437",2011-09-26,1162.949951,1.904
"438",2011-09-27,1175.380005,2.016
"439",2011-09-28,1151.060059,2.002
"440",2011-09-29,1160.400024,1.957
"441",2011-09-30,1131.420044,1.924
"442",2011-10-03,1099.22998,1.785
"443",2011-10-04,1123.949951,1.781
"444",2011-10-05,1144.030029,1.905
"445",2011-10-06,1164.969971,1.986
"446",2011-10-07,1155.459961,2.068
"447",2011-10-10,1194.890015,2.076
"448",2011-10-11,1195.540039,2.16
"449",2011-10-12,1207.25,2.226
"450",2011-10-13,1203.660034,2.169
"451",2011-10-14,1224.579956,2.232
"452",2011-10-17,1200.859985,2.155
"453",2011-10-18,1225.380005,2.151
"454",2011-10-19,1209.880005,2.159
"455",2011-10-20,1215.390015,2.18
"456",2011-10-21,1238.25,2.203
"457",2011-10-24,1254.189941,2.234
"458",2011-10-25,1229.050049,2.128
"459",2011-10-26,1242,2.203
"460",2011-10-27,1284.589966,2.395
"461",2011-10-28,1285.089966,2.306
"462",2011-10-31,1253.300049,2.175
"463",2011-11-01,1218.280029,2.001
"464",2011-11-02,1237.900024,2.006
"465",2011-11-03,1261.150024,2.066
"466",2011-11-04,1253.22998,2.05
"467",2011-11-07,1261.119995,1.994
"468",2011-11-08,1275.920044,2.065
"469",2011-11-09,1229.099976,1.955
"470",2011-11-10,1239.699951,2.056
"471",2011-11-11,1263.849976,2.056
"472",2011-11-14,1251.780029,2.043
"473",2011-11-15,1257.810059,2.057
"474",2011-11-16,1236.910034,2.024
"475",2011-11-17,1216.130005,1.958
"476",2011-11-18,1215.650024,2.012
"477",2011-11-21,1192.97998,1.962
"478",2011-11-22,1188.040039,1.939
"479",2011-11-23,1161.790039,1.879
"480",2011-11-25,1158.670044,1.967
"481",2011-11-28,1192.550049,1.958
"482",2011-11-29,1195.189941,1.996
"483",2011-11-30,1246.959961,2.068
"484",2011-12-01,1244.579956,2.117
"485",2011-12-02,1244.280029,2.042
"486",2011-12-05,1257.079956,2.054
"487",2011-12-06,1258.469971,2.093
"488",2011-12-07,1261.01001,2.017
"489",2011-12-08,1234.349976,1.972
"490",2011-12-09,1255.189941,2.052
"491",2011-12-12,1236.469971,2.009
"492",2011-12-13,1225.72998,1.962
"493",2011-12-14,1211.819946,1.901
"494",2011-12-15,1215.75,1.913
"495",2011-12-16,1219.660034,1.854
"496",2011-12-19,1205.349976,1.813
"497",2011-12-20,1241.300049,1.925
"498",2011-12-21,1243.719971,1.967
"499",2011-12-22,1254,1.951
"500",2011-12-23,1265.329956,2.03
"501",2011-12-27,1265.430054,2.009
"502",2011-12-28,1249.640015,1.908
"503",2011-12-29,1263.02002,1.897
"504",2011-12-30,1257.599976,1.871
"505",2012-01-03,1277.060059,1.96
"506",2012-01-04,1277.300049,1.995
"507",2012-01-05,1281.060059,1.993
"508",2012-01-06,1277.810059,1.961
"509",2012-01-09,1280.699951,1.96
"510",2012-01-10,1292.079956,1.972
"511",2012-01-11,1292.47998,1.904
"512",2012-01-12,1295.5,1.933
"513",2012-01-13,1289.089966,1.853
"514",2012-01-17,1293.670044,1.85
"515",2012-01-18,1308.040039,1.897
"516",2012-01-19,1314.5,1.972
"517",2012-01-20,1315.380005,2.028
"518",2012-01-23,1316,2.067
"519",2012-01-24,1314.650024,2.064
"520",2012-01-25,1326.060059,2.007
"521",2012-01-26,1318.430054,1.931
"522",2012-01-27,1316.329956,1.898
"523",2012-01-30,1313.01001,1.837
"524",2012-01-31,1312.410034,1.799
"525",2012-02-01,1324.089966,1.846
"526",2012-02-02,1325.540039,1.825
"527",2012-02-03,1344.900024,1.949
"528",2012-02-06,1344.329956,1.901
"529",2012-02-07,1347.050049,1.966
"530",2012-02-08,1349.959961,1.975
"531",2012-02-09,1351.949951,2.047
"532",2012-02-10,1342.640015,1.969
"533",2012-02-13,1351.77002,1.99
"534",2012-02-14,1350.5,1.924
"535",2012-02-15,1343.22998,1.931
"536",2012-02-16,1358.040039,1.993
"537",2012-02-17,1361.22998,2.01
"538",2012-02-21,1362.209961,2.045
"539",2012-02-22,1357.660034,2.005
"540",2012-02-23,1363.459961,1.984
"541",2012-02-24,1365.73999,1.977
"542",2012-02-27,1367.589966,1.922
"543",2012-02-28,1372.180054,1.929
"544",2012-02-29,1365.680054,1.977
"545",2012-03-01,1374.089966,2.037
"546",2012-03-02,1369.630005,1.986
"547",2012-03-05,1364.329956,2.005
"548",2012-03-06,1343.359985,1.944
"549",2012-03-07,1352.630005,1.972
"550",2012-03-08,1365.910034,2.014
"551",2012-03-09,1370.869995,2.038
"552",2012-03-12,1371.089966,2.031
"553",2012-03-13,1395.949951,2.107
"554",2012-03-14,1394.280029,2.274
"555",2012-03-15,1402.599976,2.281
"556",2012-03-16,1404.170044,2.298
"557",2012-03-19,1409.75,2.379
"558",2012-03-20,1405.52002,2.372
"559",2012-03-21,1402.890015,2.294
"560",2012-03-22,1392.780029,2.275
"561",2012-03-23,1397.109985,2.237
"562",2012-03-26,1416.51001,2.244
"563",2012-03-27,1412.52002,2.187
"564",2012-03-28,1405.540039,2.196
"565",2012-03-29,1403.280029,2.159
"566",2012-03-30,1408.469971,2.216
"567",2012-04-02,1419.040039,2.193
"568",2012-04-03,1413.380005,2.284
"569",2012-04-04,1398.959961,2.243
"570",2012-04-05,1398.079956,2.175
"571",2012-04-09,1382.199951,2.037
"572",2012-04-10,1358.589966,1.988
"573",2012-04-11,1368.709961,2.028
"574",2012-04-12,1387.569946,2.049
"575",2012-04-13,1370.26001,1.998
"576",2012-04-16,1369.569946,1.974
"577",2012-04-17,1390.780029,2.009
"578",2012-04-18,1385.140015,1.982
"579",2012-04-19,1376.920044,1.952
"580",2012-04-20,1378.530029,1.97
"581",2012-04-23,1366.939941,1.933
"582",2012-04-24,1371.969971,1.961
"583",2012-04-25,1390.689941,1.984
"584",2012-04-26,1399.97998,1.959
"585",2012-04-27,1403.359985,1.933
"586",2012-04-30,1397.910034,1.915
"587",2012-05-01,1405.819946,1.956
"588",2012-05-02,1402.310059,1.922
"589",2012-05-03,1391.569946,1.924
"590",2012-05-04,1369.099976,1.88
"591",2012-05-07,1369.579956,1.877
"592",2012-05-08,1363.719971,1.837
"593",2012-05-09,1354.579956,1.835
"594",2012-05-10,1357.98999,1.884
"595",2012-05-11,1353.390015,1.841
"596",2012-05-14,1338.349976,1.788
"597",2012-05-15,1330.660034,1.777
"598",2012-05-16,1324.800049,1.765
"599",2012-05-17,1304.859985,1.702
"600",2012-05-18,1295.219971,1.702
"601",2012-05-21,1315.98999,1.735
"602",2012-05-22,1316.630005,1.793
"603",2012-05-23,1318.859985,1.721
"604",2012-05-24,1320.680054,1.759
"605",2012-05-25,1317.819946,1.745
"606",2012-05-29,1332.420044,1.731
"607",2012-05-30,1313.319946,1.625
"608",2012-05-31,1310.329956,1.581
"609",2012-06-01,1278.040039,1.467
"610",2012-06-04,1278.180054,1.527
"611",2012-06-05,1285.5,1.556
"612",2012-06-06,1315.130005,1.651
"613",2012-06-07,1314.98999,1.654
"614",2012-06-08,1325.660034,1.637
"615",2012-06-11,1308.930054,1.6
"616",2012-06-12,1324.180054,1.661
"617",2012-06-13,1314.880005,1.599
"618",2012-06-14,1329.099976,1.611
"619",2012-06-15,1342.839966,1.587
"620",2012-06-18,1344.780029,1.584
"621",2012-06-19,1357.97998,1.62
"622",2012-06-20,1355.689941,1.642
"623",2012-06-21,1325.51001,1.618
"624",2012-06-22,1335.02002,1.672
"625",2012-06-25,1313.719971,1.608
"626",2012-06-26,1319.98999,1.628
"627",2012-06-27,1331.849976,1.621
"628",2012-06-28,1329.040039,1.577
"629",2012-06-29,1362.160034,1.659
"630",2012-07-02,1365.51001,1.58
"631",2012-07-03,1374.02002,1.631
"632",2012-07-05,1367.579956,1.597
"633",2012-07-06,1354.680054,1.544
"634",2012-07-09,1352.459961,1.513
"635",2012-07-10,1341.469971,1.498
"636",2012-07-11,1341.449951,1.498
"637",2012-07-12,1334.76001,1.479
"638",2012-07-13,1356.780029,1.499
"639",2012-07-16,1353.640015,1.464
"640",2012-07-17,1363.670044,1.501
"641",2012-07-18,1372.780029,1.479
"642",2012-07-19,1376.51001,1.515
"643",2012-07-20,1362.660034,1.46
"644",2012-07-23,1350.52002,1.435
"645",2012-07-24,1338.310059,1.404
"646",2012-07-25,1337.890015,1.406
"647",2012-07-26,1360.02002,1.428
"648",2012-07-27,1385.969971,1.555
"649",2012-07-30,1385.300049,1.504
"650",2012-07-31,1379.319946,1.492
"651",2012-08-01,1375.319946,1.539
"652",2012-08-02,1365,1.478
"653",2012-08-03,1390.98999,1.577
"654",2012-08-06,1394.22998,1.558
"655",2012-08-07,1401.349976,1.628
"656",2012-08-08,1402.219971,1.64
"657",2012-08-09,1402.800049,1.688
"658",2012-08-10,1405.869995,1.649
"659",2012-08-13,1404.109985,1.654
"660",2012-08-14,1403.930054,1.726
"661",2012-08-15,1405.530029,1.805
"662",2012-08-16,1415.51001,1.836
"663",2012-08-17,1418.160034,1.816
"664",2012-08-20,1418.130005,1.814
"665",2012-08-21,1413.170044,1.805
"666",2012-08-22,1413.48999,1.719
"667",2012-08-23,1402.079956,1.666
"668",2012-08-24,1411.130005,1.678
"669",2012-08-27,1410.439941,1.649
"670",2012-08-28,1409.300049,1.63
"671",2012-08-29,1410.48999,1.654
"672",2012-08-30,1399.47998,1.62
"673",2012-08-31,1406.579956,1.562
"674",2012-09-04,1404.939941,1.581
"675",2012-09-05,1403.439941,1.594
"676",2012-09-06,1432.119995,1.673
"677",2012-09-07,1437.920044,1.661
"678",2012-09-10,1429.079956,1.683
"679",2012-09-11,1433.560059,1.695
"680",2012-09-12,1436.560059,1.765
"681",2012-09-13,1459.98999,1.756
"682",2012-09-14,1465.77002,1.87
"683",2012-09-17,1461.189941,1.838
"684",2012-09-18,1459.319946,1.812
"685",2012-09-19,1461.050049,1.782
"686",2012-09-20,1460.26001,1.777
"687",2012-09-21,1460.150024,1.76
"688",2012-09-24,1456.890015,1.718
"689",2012-09-25,1441.589966,1.682
"690",2012-09-26,1433.319946,1.618
"691",2012-09-27,1447.150024,1.64
"692",2012-09-28,1440.670044,1.637
"693",2012-10-01,1444.48999,1.625
"694",2012-10-02,1445.75,1.615
"695",2012-10-03,1450.98999,1.623
"696",2012-10-04,1461.400024,1.665
"697",2012-10-05,1460.930054,1.732
"698",2012-10-08,1455.880005,1.746
"699",2012-10-09,1441.47998,1.72
"700",2012-10-10,1432.560059,1.691
"701",2012-10-11,1432.839966,1.675
"702",2012-10-12,1428.589966,1.663
"703",2012-10-15,1440.130005,1.663
"704",2012-10-16,1454.920044,1.72
"705",2012-10-17,1460.910034,1.811
"706",2012-10-18,1457.339966,1.826
"707",2012-10-19,1433.189941,1.768
"708",2012-10-22,1433.819946,1.798
"709",2012-10-23,1413.109985,1.764
"710",2012-10-24,1408.75,1.775
"711",2012-10-25,1412.969971,1.828
"712",2012-10-26,1411.939941,1.75
"713",2012-10-31,1412.160034,1.686
"714",2012-11-01,1427.589966,1.715
"715",2012-11-02,1414.199951,1.726
"716",2012-11-05,1417.26001,1.684
"717",2012-11-06,1428.390015,1.742
"718",2012-11-07,1394.530029,1.632
"719",2012-11-08,1377.51001,1.632
"720",2012-11-09,1379.849976,1.613
"721",2012-11-12,1380.030029,1.611
"722",2012-11-13,1374.530029,1.589
"723",2012-11-14,1355.48999,1.589
"724",2012-11-15,1353.329956,1.589
"725",2012-11-16,1359.880005,1.574
"726",2012-11-19,1386.890015,1.611
"727",2012-11-20,1387.810059,1.656
"728",2012-11-21,1391.030029,1.687
"729",2012-11-23,1409.150024,1.693
"730",2012-11-26,1406.290039,1.664
"731",2012-11-27,1398.939941,1.645
"732",2012-11-28,1409.930054,1.617
"733",2012-11-29,1415.949951,1.62
"734",2012-11-30,1416.180054,1.606
"735",2012-12-03,1409.459961,1.628
"736",2012-12-04,1407.050049,1.608
"737",2012-12-05,1409.280029,1.591
"738",2012-12-06,1413.939941,1.581
"739",2012-12-07,1418.069946,1.627
"740",2012-12-10,1418.550049,1.616
"741",2012-12-11,1427.839966,1.649
"742",2012-12-12,1428.47998,1.697
"743",2012-12-13,1419.449951,1.728
"744",2012-12-14,1413.579956,1.708
"745",2012-12-17,1430.359985,1.763
"746",2012-12-18,1446.790039,1.827
"747",2012-12-19,1435.810059,1.8
"748",2012-12-20,1443.689941,1.8
"749",2012-12-21,1430.150024,1.754
"750",2012-12-24,1426.660034,1.774
"751",2012-12-26,1419.829956,1.758
"752",2012-12-27,1418.099976,1.715
"753",2012-12-28,1402.430054,1.711
"754",2012-12-31,1426.189941,1.756
"755",2013-01-02,1462.420044,1.839
"756",2013-01-03,1459.369995,1.899
"757",2013-01-04,1466.469971,1.915
"758",2013-01-07,1461.890015,1.903
"759",2013-01-08,1457.150024,1.871
"760",2013-01-09,1461.02002,1.852
"761",2013-01-10,1472.119995,1.894
"762",2013-01-11,1472.050049,1.875
"763",2013-01-14,1470.680054,1.857
"764",2013-01-15,1472.339966,1.831
"765",2013-01-16,1472.630005,1.824
"766",2013-01-17,1480.939941,1.875
"767",2013-01-18,1485.97998,1.843
"768",2013-01-22,1492.560059,1.835
"769",2013-01-23,1494.810059,1.833
"770",2013-01-24,1494.819946,1.844
"771",2013-01-25,1502.959961,1.947
"772",2013-01-28,1500.180054,1.974
"773",2013-01-29,1507.839966,1.988
"774",2013-01-30,1501.959961,2.006
"775",2013-01-31,1498.109985,1.985
"776",2013-02-01,1513.170044,2.01
"777",2013-02-04,1495.709961,1.973
"778",2013-02-05,1511.290039,2.016
"779",2013-02-06,1512.119995,1.968
"780",2013-02-07,1509.390015,1.951
"781",2013-02-08,1517.930054,1.954
"782",2013-02-11,1517.01001,1.946
"783",2013-02-12,1519.430054,1.982
"784",2013-02-13,1520.329956,2.019
"785",2013-02-14,1521.380005,2
"786",2013-02-15,1519.790039,2.007
"787",2013-02-19,1530.939941,2.026
"788",2013-02-20,1511.949951,2.021
"789",2013-02-21,1502.420044,1.976
"790",2013-02-22,1515.599976,1.967
"791",2013-02-25,1487.849976,1.895
"792",2013-02-26,1496.939941,1.879
"793",2013-02-27,1515.98999,1.903
"794",2013-02-28,1514.680054,1.888
"795",2013-03-01,1518.199951,1.853
"796",2013-03-04,1525.199951,1.877
"797",2013-03-05,1539.790039,1.894
"798",2013-03-06,1541.459961,1.938
"799",2013-03-07,1544.26001,1.991
"800",2013-03-08,1551.180054,2.056
"801",2013-03-11,1556.219971,2.056
"802",2013-03-12,1552.47998,2.023
"803",2013-03-13,1554.52002,2.021
"804",2013-03-14,1563.22998,2.033
"805",2013-03-15,1560.699951,1.996
"806",2013-03-18,1552.099976,1.956
"807",2013-03-19,1548.339966,1.908
"808",2013-03-20,1558.709961,1.937
"809",2013-03-21,1545.800049,1.932
"810",2013-03-22,1556.890015,1.915
"811",2013-03-25,1551.689941,1.915
"812",2013-03-26,1563.77002,1.906
"813",2013-03-27,1562.849976,1.851
"814",2013-03-28,1569.189941,1.852
"815",2013-04-01,1562.170044,1.84
"816",2013-04-02,1570.25,1.861
"817",2013-04-03,1553.689941,1.812
"818",2013-04-04,1559.97998,1.759
"819",2013-04-05,1553.280029,1.694
"820",2013-04-08,1563.069946,1.732
"821",2013-04-09,1568.609985,1.747
"822",2013-04-10,1587.72998,1.805
"823",2013-04-11,1593.369995,1.791
"824",2013-04-12,1588.849976,1.721
"825",2013-04-15,1552.359985,1.702
"826",2013-04-16,1574.569946,1.719
"827",2013-04-17,1552.01001,1.704
"828",2013-04-18,1541.609985,1.685
"829",2013-04-19,1555.25,1.703
"830",2013-04-22,1562.5,1.698
"831",2013-04-23,1578.780029,1.698
"832",2013-04-24,1578.790039,1.698
"833",2013-04-25,1585.160034,1.711
"834",2013-04-26,1582.23999,1.663
"835",2013-04-29,1593.609985,1.668
"836",2013-04-30,1597.569946,1.675
"837",2013-05-01,1582.699951,1.639
"838",2013-05-02,1597.589966,1.631
"839",2013-05-03,1614.420044,1.752
"840",2013-05-06,1617.5,1.771
"841",2013-05-07,1625.959961,1.783
"842",2013-05-08,1632.689941,1.76
"843",2013-05-09,1626.670044,1.813
"844",2013-05-10,1633.699951,1.9
"845",2013-05-13,1633.77002,1.923
"846",2013-05-14,1650.339966,1.952
"847",2013-05-15,1658.780029,1.943
"848",2013-05-16,1650.469971,1.865
"849",2013-05-17,1667.469971,1.949
"850",2013-05-20,1666.290039,1.965
"851",2013-05-21,1669.160034,1.944
"852",2013-05-22,1655.349976,2.026
"853",2013-05-23,1650.51001,2.023
"854",2013-05-24,1649.599976,2.011
"855",2013-05-28,1660.060059,2.135
"856",2013-05-29,1648.359985,2.124
"857",2013-05-30,1654.410034,2.124
"858",2013-05-31,1630.73999,2.164
"859",2013-06-03,1640.420044,2.134
"860",2013-06-04,1631.380005,2.137
"861",2013-06-05,1608.900024,2.1
"862",2013-06-06,1622.560059,2.075
"863",2013-06-07,1643.380005,2.161
"864",2013-06-10,1642.810059,2.215
"865",2013-06-11,1626.130005,2.195
"866",2013-06-12,1612.52002,2.23
"867",2013-06-13,1636.359985,2.174
"868",2013-06-14,1626.72998,2.126
"869",2013-06-17,1639.040039,2.171
"870",2013-06-18,1651.810059,2.182
"871",2013-06-19,1628.930054,2.311
"872",2013-06-20,1588.189941,2.419
"873",2013-06-21,1592.430054,2.514
"874",2013-06-24,1573.089966,2.548
"875",2013-06-25,1588.030029,2.589
"876",2013-06-26,1603.26001,2.539
"877",2013-06-27,1613.199951,2.483
"878",2013-06-28,1606.280029,2.478
"879",2013-07-01,1614.959961,2.49
"880",2013-07-02,1614.079956,2.469
"881",2013-07-03,1615.410034,2.501
"882",2013-07-05,1631.890015,2.715
"883",2013-07-08,1640.459961,2.645
"884",2013-07-09,1652.319946,2.63
"885",2013-07-10,1652.619995,2.68
"886",2013-07-11,1675.02002,2.574
"887",2013-07-12,1680.189941,2.601
"888",2013-07-15,1682.5,2.556
"889",2013-07-16,1676.26001,2.532
"890",2013-07-17,1680.910034,2.491
"891",2013-07-18,1689.369995,2.534
"892",2013-07-19,1692.089966,2.491
"893",2013-07-22,1695.530029,2.488
"894",2013-07-23,1692.390015,2.516
"895",2013-07-24,1685.939941,2.588
"896",2013-07-25,1690.25,2.607
"897",2013-07-26,1691.650024,2.561
"898",2013-07-29,1685.329956,2.585
"899",2013-07-30,1685.959961,2.603
"900",2013-07-31,1685.72998,2.593
"901",2013-08-01,1706.869995,2.723
"902",2013-08-02,1709.670044,2.602
"903",2013-08-05,1707.140015,2.64
"904",2013-08-06,1697.369995,2.642
"905",2013-08-07,1690.910034,2.6
"906",2013-08-08,1697.47998,2.587
"907",2013-08-09,1691.420044,2.58
"908",2013-08-12,1689.469971,2.605
"909",2013-08-13,1694.160034,2.715
"910",2013-08-14,1685.390015,2.712
"911",2013-08-15,1661.319946,2.755
"912",2013-08-16,1655.829956,2.829
"913",2013-08-19,1646.060059,2.884
"914",2013-08-20,1652.349976,2.814
"915",2013-08-21,1642.800049,2.855
"916",2013-08-22,1656.959961,2.901
"917",2013-08-23,1663.5,2.818
"918",2013-08-26,1656.780029,2.805
"919",2013-08-27,1630.47998,2.721
"920",2013-08-28,1634.959961,2.782
"921",2013-08-29,1638.170044,2.751
"922",2013-08-30,1632.969971,2.749
"923",2013-09-03,1639.77002,2.848
"924",2013-09-04,1653.079956,2.897
"925",2013-09-05,1655.079956,2.979
"926",2013-09-06,1655.170044,2.938
"927",2013-09-09,1671.709961,2.897
"928",2013-09-10,1683.98999,2.959
"929",2013-09-11,1689.130005,2.92
"930",2013-09-12,1683.420044,2.907
"931",2013-09-13,1687.98999,2.898
"932",2013-09-16,1697.599976,2.874
"933",2013-09-17,1704.76001,2.853
"934",2013-09-18,1725.52002,2.708
"935",2013-09-19,1722.339966,2.748
"936",2013-09-20,1709.910034,2.732
"937",2013-09-23,1701.839966,2.714
"938",2013-09-24,1697.420044,2.653
"939",2013-09-25,1692.77002,2.614
"940",2013-09-26,1698.670044,2.643
"941",2013-09-27,1691.75,2.619
"942",2013-09-30,1681.550049,2.615
"943",2013-10-01,1695,2.646
"944",2013-10-02,1693.869995,2.626
"945",2013-10-03,1678.660034,2.606
"946",2013-10-04,1690.5,2.652
"947",2013-10-07,1676.119995,2.634
"948",2013-10-08,1655.449951,2.636
"949",2013-10-09,1656.400024,2.65
"950",2013-10-10,1692.560059,2.685
"951",2013-10-11,1703.199951,2.682
"952",2013-10-14,1710.140015,2.691
"953",2013-10-15,1698.060059,2.72
"954",2013-10-16,1721.540039,2.671
"955",2013-10-17,1733.150024,2.587
"956",2013-10-18,1744.5,2.589
"957",2013-10-21,1744.660034,2.609
"958",2013-10-22,1754.670044,2.512
"959",2013-10-23,1746.380005,2.485
"960",2013-10-24,1752.069946,2.522
"961",2013-10-25,1759.77002,2.503
"962",2013-10-28,1762.109985,2.512
"963",2013-10-29,1771.949951,2.507
"964",2013-10-30,1763.310059,2.527
"965",2013-10-31,1756.540039,2.542
"966",2013-11-01,1761.640015,2.62
"967",2013-11-04,1767.930054,2.602
"968",2013-11-05,1762.969971,2.662
"969",2013-11-06,1770.48999,2.64
"970",2013-11-07,1747.150024,2.613
"971",2013-11-08,1770.609985,2.746
"972",2013-11-11,1771.890015,2.751
"973",2013-11-12,1767.689941,2.768
"974",2013-11-13,1782,2.725
"975",2013-11-14,1790.619995,2.702
"976",2013-11-15,1798.180054,2.709
"977",2013-11-18,1791.530029,2.678
"978",2013-11-19,1787.869995,2.712
"979",2013-11-20,1781.369995,2.792
"980",2013-11-21,1795.849976,2.784
"981",2013-11-22,1804.76001,2.752
"982",2013-11-25,1802.47998,2.741
"983",2013-11-26,1802.75,2.696
"984",2013-11-27,1807.22998,2.736
"985",2013-11-29,1805.810059,2.741
"986",2013-12-02,1800.900024,2.801
"987",2013-12-03,1795.150024,2.775
"988",2013-12-04,1792.810059,2.841
"989",2013-12-05,1785.030029,2.862
"990",2013-12-06,1805.089966,2.883
"991",2013-12-09,1808.369995,2.857
"992",2013-12-10,1802.619995,2.797
"993",2013-12-11,1782.219971,2.844
"994",2013-12-12,1775.5,2.877
"995",2013-12-13,1775.319946,2.868
"996",2013-12-16,1786.540039,2.877
"997",2013-12-17,1781,2.843
"998",2013-12-18,1810.650024,2.885
"999",2013-12-19,1809.599976,2.925
"1000",2013-12-20,1818.319946,2.887
"1001",2013-12-23,1827.98999,2.929
"1002",2013-12-24,1833.319946,2.983
"1003",2013-12-26,1842.02002,2.99
"1004",2013-12-27,1841.400024,3.006
"1005",2013-12-30,1841.069946,2.976
"1006",2013-12-31,1848.359985,3.026
"1007",2014-01-02,1831.97998,2.985
"1008",2014-01-03,1831.369995,2.995
"1009",2014-01-06,1826.77002,2.961
"1010",2014-01-07,1837.880005,2.937
"1011",2014-01-08,1837.48999,2.993
"1012",2014-01-09,1838.130005,2.963
"1013",2014-01-10,1842.369995,2.86
"1014",2014-01-13,1819.199951,2.827
"1015",2014-01-14,1838.880005,2.869
"1016",2014-01-15,1848.380005,2.884
"1017",2014-01-16,1845.890015,2.843
"1018",2014-01-17,1838.699951,2.827
"1019",2014-01-21,1843.800049,2.825
"1020",2014-01-22,1844.859985,2.86
"1021",2014-01-23,1828.459961,2.773
"1022",2014-01-24,1790.290039,2.735
"1023",2014-01-27,1781.560059,2.766
"1024",2014-01-28,1792.5,2.746
"1025",2014-01-29,1774.199951,2.675
"1026",2014-01-30,1794.189941,2.693
"1027",2014-01-31,1782.589966,2.668
"1028",2014-02-03,1741.890015,2.581
"1029",2014-02-04,1755.199951,2.624
"1030",2014-02-05,1751.640015,2.667
"1031",2014-02-06,1773.430054,2.702
"1032",2014-02-07,1797.02002,2.675
"1033",2014-02-10,1799.839966,2.678
"1034",2014-02-11,1819.75,2.719
"1035",2014-02-12,1819.26001,2.763
"1036",2014-02-13,1829.829956,2.736
"1037",2014-02-14,1838.630005,2.746
"1038",2014-02-18,1840.76001,2.711
"1039",2014-02-19,1828.75,2.734
"1040",2014-02-20,1839.780029,2.754
"1041",2014-02-21,1836.25,2.734
"1042",2014-02-24,1847.609985,2.75
"1043",2014-02-25,1845.119995,2.701
"1044",2014-02-26,1845.160034,2.673
"1045",2014-02-27,1854.290039,2.642
"1046",2014-02-28,1859.449951,2.658
"1047",2014-03-03,1845.72998,2.607
"1048",2014-03-04,1873.910034,2.691
"1049",2014-03-05,1873.810059,2.698
"1050",2014-03-06,1877.030029,2.737
"1051",2014-03-07,1878.040039,2.79
"1052",2014-03-10,1877.170044,2.784
"1053",2014-03-11,1867.630005,2.766
"1054",2014-03-12,1868.199951,2.726
"1055",2014-03-13,1846.339966,2.653
"1056",2014-03-14,1841.130005,2.645
"1057",2014-03-17,1858.829956,2.699
"1058",2014-03-18,1872.25,2.681
"1059",2014-03-19,1860.77002,2.772
"1060",2014-03-20,1872.01001,2.775
"1061",2014-03-21,1866.52002,2.75
"1062",2014-03-24,1857.439941,2.733
"1063",2014-03-25,1865.619995,2.735
"1064",2014-03-26,1852.560059,2.701
"1065",2014-03-27,1849.040039,2.672
"1066",2014-03-28,1857.619995,2.712
"1067",2014-03-31,1872.339966,2.723
"1068",2014-04-01,1885.52002,2.759
"1069",2014-04-02,1890.900024,2.803
"1070",2014-04-03,1888.77002,2.79
"1071",2014-04-04,1865.089966,2.726
"1072",2014-04-07,1845.040039,2.695
"1073",2014-04-08,1851.959961,2.681
"1074",2014-04-09,1872.180054,2.684
"1075",2014-04-10,1833.079956,2.628
"1076",2014-04-11,1815.689941,2.619
"1077",2014-04-14,1830.609985,2.639
"1078",2014-04-15,1842.97998,2.628
"1079",2014-04-16,1862.310059,2.637
"1080",2014-04-17,1864.849976,2.721
"1081",2014-04-21,1871.890015,2.721
"1082",2014-04-22,1879.550049,2.726
"1083",2014-04-23,1875.390015,2.686
"1084",2014-04-24,1878.609985,2.688
"1085",2014-04-25,1863.400024,2.666
"1086",2014-04-28,1869.430054,2.677
"1087",2014-04-29,1878.329956,2.695
"1088",2014-04-30,1883.949951,2.648
"1089",2014-05-01,1883.680054,2.606
"1090",2014-05-02,1881.140015,2.591
"1091",2014-05-05,1884.660034,2.611
"1092",2014-05-06,1867.719971,2.595
"1093",2014-05-07,1878.209961,2.59
"1094",2014-05-08,1875.630005,2.602
"1095",2014-05-09,1878.47998,2.623
"1096",2014-05-12,1896.650024,2.656
"1097",2014-05-13,1897.449951,2.618
"1098",2014-05-14,1888.530029,2.543
"1099",2014-05-15,1870.849976,2.502
"1100",2014-05-16,1877.859985,2.518
"1101",2014-05-19,1885.079956,2.536
"1102",2014-05-20,1872.829956,2.509
"1103",2014-05-21,1888.030029,2.537
"1104",2014-05-22,1892.48999,2.555
"1105",2014-05-23,1900.530029,2.536
"1106",2014-05-27,1911.910034,2.518
"1107",2014-05-28,1909.780029,2.438
"1108",2014-05-29,1920.030029,2.447
"1109",2014-05-30,1923.569946,2.457
"1110",2014-06-02,1924.969971,2.534
"1111",2014-06-03,1924.23999,2.593
"1112",2014-06-04,1927.880005,2.606
"1113",2014-06-05,1940.459961,2.584
"1114",2014-06-06,1949.439941,2.597
"1115",2014-06-09,1951.27002,2.613
"1116",2014-06-10,1950.790039,2.635
"1117",2014-06-11,1943.890015,2.64
"1118",2014-06-12,1930.109985,2.586
"1119",2014-06-13,1936.160034,2.604
"1120",2014-06-16,1937.780029,2.597
"1121",2014-06-17,1941.98999,2.655
"1122",2014-06-18,1956.97998,2.613
"1123",2014-06-19,1959.47998,2.622
"1124",2014-06-20,1962.869995,2.624
"1125",2014-06-23,1962.609985,2.623
"1126",2014-06-24,1949.97998,2.586
"1127",2014-06-25,1959.530029,2.559
"1128",2014-06-26,1957.219971,2.525
"1129",2014-06-27,1960.959961,2.532
"1130",2014-06-30,1960.22998,2.516
"1131",2014-07-01,1973.319946,2.563
"1132",2014-07-02,1974.619995,2.628
"1133",2014-07-03,1985.439941,2.648
"1134",2014-07-07,1977.650024,2.617
"1135",2014-07-08,1963.709961,2.565
"1136",2014-07-09,1972.829956,2.547
"1137",2014-07-10,1964.680054,2.532
"1138",2014-07-11,1967.569946,2.52
"1139",2014-07-14,1977.099976,2.549
"1140",2014-07-15,1973.280029,2.549
"1141",2014-07-16,1981.569946,2.538
"1142",2014-07-17,1958.119995,2.475
"1143",2014-07-18,1978.219971,2.484
"1144",2014-07-21,1973.630005,2.474
"1145",2014-07-22,1983.530029,2.466
"1146",2014-07-23,1987.01001,2.464
"1147",2014-07-24,1987.97998,2.509
"1148",2014-07-25,1978.339966,2.469
"1149",2014-07-28,1978.910034,2.491
"1150",2014-07-29,1969.949951,2.462
"1151",2014-07-30,1970.069946,2.554
"1152",2014-07-31,1930.670044,2.556
"1153",2014-08-01,1925.150024,2.505
"1154",2014-08-04,1938.98999,2.491
"1155",2014-08-05,1920.209961,2.483
"1156",2014-08-06,1920.23999,2.474
"1157",2014-08-07,1909.569946,2.424
"1158",2014-08-08,1931.589966,2.415
"1159",2014-08-11,1936.920044,2.42
"1160",2014-08-12,1933.75,2.442
"1161",2014-08-13,1946.719971,2.413
"1162",2014-08-14,1955.180054,2.4
"1163",2014-08-15,1955.060059,2.345
"1164",2014-08-18,1971.73999,2.387
"1165",2014-08-19,1981.599976,2.405
"1166",2014-08-20,1986.51001,2.426
"1167",2014-08-21,1992.369995,2.407
"1168",2014-08-22,1988.400024,2.403
"1169",2014-08-25,1997.920044,2.387
"1170",2014-08-26,2000.02002,2.391
"1171",2014-08-27,2000.119995,2.361
"1172",2014-08-28,1996.73999,2.334
"1173",2014-08-29,2003.369995,2.343
"1174",2014-09-02,2002.280029,2.419
"1175",2014-09-03,2000.719971,2.41
"1176",2014-09-04,1997.650024,2.448
"1177",2014-09-05,2007.709961,2.461
"1178",2014-09-08,2001.540039,2.469
"1179",2014-09-09,1988.439941,2.5
"1180",2014-09-10,1995.689941,2.534
"1181",2014-09-11,1997.449951,2.531
"1182",2014-09-12,1985.540039,2.614
"1183",2014-09-15,1984.130005,2.591
"1184",2014-09-16,1998.97998,2.589
"1185",2014-09-17,2001.569946,2.6
"1186",2014-09-18,2011.359985,2.629
"1187",2014-09-19,2010.400024,2.587
"1188",2014-09-22,1994.290039,2.566
"1189",2014-09-23,1982.77002,2.535
"1190",2014-09-24,1998.300049,2.569
"1191",2014-09-25,1965.98999,2.511
"1192",2014-09-26,1982.849976,2.535
"1193",2014-09-29,1977.800049,2.491
"1194",2014-09-30,1972.290039,2.508
"1195",2014-10-01,1946.160034,2.403
"1196",2014-10-02,1946.170044,2.438
"1197",2014-10-03,1967.900024,2.447
"1198",2014-10-06,1964.819946,2.425
"1199",2014-10-07,1935.099976,2.35
"1200",2014-10-08,1968.890015,2.33
"1201",2014-10-09,1928.209961,2.327
"1202",2014-10-10,1906.130005,2.307
"1203",2014-10-13,1874.73999,2.286
"1204",2014-10-14,1877.699951,2.206
"1205",2014-10-15,1862.48999,2.09
"1206",2014-10-16,1862.76001,2.153
"1207",2014-10-17,1886.76001,2.199
"1208",2014-10-20,1904.01001,2.181
"1209",2014-10-21,1941.280029,2.208
"1210",2014-10-22,1927.109985,2.229
"1211",2014-10-23,1950.819946,2.275
"1212",2014-10-24,1964.579956,2.273
"1213",2014-10-27,1961.630005,2.257
"1214",2014-10-28,1985.050049,2.284
"1215",2014-10-29,1982.300049,2.323
"1216",2014-10-30,1994.650024,2.305
"1217",2014-10-31,2018.050049,2.335
"1218",2014-11-03,2017.810059,2.348
"1219",2014-11-04,2012.099976,2.342
"1220",2014-11-05,2023.569946,2.35
"1221",2014-11-06,2031.209961,2.375
"1222",2014-11-07,2031.920044,2.312
"1223",2014-11-10,2038.26001,2.359
"1224",2014-11-11,2039.680054,2.36
"1225",2014-11-12,2038.25,2.359
"1226",2014-11-13,2039.329956,2.347
"1227",2014-11-14,2039.819946,2.32
"1228",2014-11-17,2041.319946,2.34
"1229",2014-11-18,2051.800049,2.322
"1230",2014-11-19,2048.719971,2.351
"1231",2014-11-20,2052.75,2.335
"1232",2014-11-21,2063.5,2.315
"1233",2014-11-24,2069.409912,2.31
"1234",2014-11-25,2067.030029,2.26
"1235",2014-11-26,2072.830078,2.234
"1236",2014-11-28,2067.560059,2.194
"1237",2014-12-01,2053.439941,2.218
"1238",2014-12-02,2066.550049,2.285
"1239",2014-12-03,2074.330078,2.287
"1240",2014-12-04,2071.919922,2.257
"1241",2014-12-05,2075.370117,2.307
"1242",2014-12-08,2060.310059,2.257
"1243",2014-12-09,2059.820068,2.22
"1244",2014-12-10,2026.140015,2.169
"1245",2014-12-11,2035.329956,2.178
"1246",2014-12-12,2002.329956,2.103
"1247",2014-12-15,1989.630005,2.116
"1248",2014-12-16,1972.73999,2.071
"1249",2014-12-17,2012.890015,2.148
"1250",2014-12-18,2061.22998,2.204
"1251",2014-12-19,2070.649902,2.176
"1252",2014-12-22,2078.540039,2.162
"1253",2014-12-23,2082.169922,2.257
"1254",2014-12-24,2081.879883,2.264
"1255",2014-12-26,2088.77002,2.25
"1256",2014-12-29,2090.570068,2.207
"1257",2014-12-30,2080.350098,2.19
"1258",2014-12-31,2058.899902,2.17
"1259",2015-01-02,2058.199951,2.123
"1260",2015-01-05,2020.579956,2.039
"1261",2015-01-06,2002.609985,1.963
"1262",2015-01-07,2025.900024,1.954
"1263",2015-01-08,2062.139893,2.016
"1264",2015-01-09,2044.810059,1.971
"1265",2015-01-12,2028.26001,1.912
"1266",2015-01-13,2023.030029,1.89
"1267",2015-01-14,2011.27002,1.837
"1268",2015-01-15,1992.670044,1.775
"1269",2015-01-16,2019.420044,1.815
"1270",2015-01-20,2022.550049,1.807
"1271",2015-01-21,2032.119995,1.853
"1272",2015-01-22,2063.149902,1.896
"1273",2015-01-23,2051.820068,1.817
"1274",2015-01-26,2057.090088,1.828
"1275",2015-01-27,2029.550049,1.825
"1276",2015-01-28,2002.160034,1.724
"1277",2015-01-29,2021.25,1.751
"1278",2015-01-30,1994.98999,1.675
"1279",2015-02-02,2020.849976,1.673
"1280",2015-02-03,2050.030029,1.78
"1281",2015-02-04,2041.51001,1.797
"1282",2015-02-05,2062.52002,1.815
"1283",2015-02-06,2055.469971,1.938
"1284",2015-02-09,2046.73999,1.948
"1285",2015-02-10,2068.590088,1.991
"1286",2015-02-11,2068.530029,1.988
"1287",2015-02-12,2088.47998,1.986
"1288",2015-02-13,2096.98999,2.021
"1289",2015-02-17,2100.340088,2.145
"1290",2015-02-18,2099.679932,2.066
"1291",2015-02-19,2097.449951,2.113
"1292",2015-02-20,2110.300049,2.133
"1293",2015-02-23,2109.659912,2.059
"1294",2015-02-24,2115.47998,1.988
"1295",2015-02-25,2113.860107,1.969
"1296",2015-02-26,2110.73999,2.016
"1297",2015-02-27,2104.5,2.002
"1298",2015-03-02,2117.389893,2.084
"1299",2015-03-03,2107.780029,2.122
"1300",2015-03-04,2098.530029,2.123
"1301",2015-03-05,2101.040039,2.112
"1302",2015-03-06,2071.26001,2.24
"1303",2015-03-09,2079.429932,2.195
"1304",2015-03-10,2044.160034,2.126
"1305",2015-03-11,2040.23999,2.109
"1306",2015-03-12,2065.949951,2.096
"1307",2015-03-13,2053.399902,2.112
"1308",2015-03-16,2081.189941,2.098
"1309",2015-03-17,2074.280029,2.058
"1310",2015-03-18,2099.5,1.951
"1311",2015-03-19,2089.27002,1.977
"1312",2015-03-20,2108.100098,1.93
"1313",2015-03-23,2104.419922,1.915
"1314",2015-03-24,2091.5,1.878
"1315",2015-03-25,2061.050049,1.92
"1316",2015-03-26,2056.149902,2.007
"1317",2015-03-27,2061.02002,1.948
"1318",2015-03-30,2086.23999,1.963
"1319",2015-03-31,2067.889893,1.934
"1320",2015-04-01,2059.689941,1.868
"1321",2015-04-02,2066.959961,1.904
"1322",2015-04-06,2080.620117,1.904
"1323",2015-04-07,2076.330078,1.893
"1324",2015-04-08,2081.899902,1.895
"1325",2015-04-09,2091.179932,1.958
"1326",2015-04-10,2102.060059,1.951
"1327",2015-04-13,2092.429932,1.939
"1328",2015-04-14,2095.840088,1.904
"1329",2015-04-15,2106.629883,1.9
"1330",2015-04-16,2104.98999,1.878
"1331",2015-04-17,2081.179932,1.85
"1332",2015-04-20,2100.399902,1.895
"1333",2015-04-21,2097.290039,1.916
"1334",2015-04-22,2107.959961,1.972
"1335",2015-04-23,2112.929932,1.947
"1336",2015-04-24,2117.689941,1.917
"1337",2015-04-27,2108.919922,1.924
"1338",2015-04-28,2114.76001,1.973
"1339",2015-04-29,2106.850098,2.035
"1340",2015-04-30,2085.51001,2.046
"1341",2015-05-01,2108.290039,2.117
"1342",2015-05-04,2114.48999,2.135
"1343",2015-05-05,2089.459961,2.176
"1344",2015-05-06,2080.149902,2.24
"1345",2015-05-07,2088,2.184
"1346",2015-05-08,2116.100098,2.15
"1347",2015-05-11,2105.330078,2.274
"1348",2015-05-12,2099.120117,2.26
"1349",2015-05-13,2098.47998,2.282
"1350",2015-05-14,2121.100098,2.239
"1351",2015-05-15,2122.72998,2.141
"1352",2015-05-18,2129.199951,2.228
"1353",2015-05-19,2127.830078,2.262
"1354",2015-05-20,2125.850098,2.251
"1355",2015-05-21,2130.820068,2.185
"1356",2015-05-22,2126.060059,2.215
"1357",2015-05-26,2104.199951,2.137
"1358",2015-05-27,2123.47998,2.135
"1359",2015-05-28,2120.790039,2.13
"1360",2015-05-29,2107.389893,2.095
"1361",2015-06-01,2111.72998,2.192
"1362",2015-06-02,2109.600098,2.266
"1363",2015-06-03,2114.070068,2.366
"1364",2015-06-04,2095.840088,2.307
"1365",2015-06-05,2092.830078,2.402
"1366",2015-06-08,2079.280029,2.381
"1367",2015-06-09,2080.149902,2.417
"1368",2015-06-10,2105.199951,2.478
"1369",2015-06-11,2108.860107,2.383
"1370",2015-06-12,2094.110107,2.385
"1371",2015-06-15,2084.429932,2.358
"1372",2015-06-16,2096.290039,2.318
"1373",2015-06-17,2100.439941,2.306
"1374",2015-06-18,2121.23999,2.351
"1375",2015-06-19,2109.98999,2.267
"1376",2015-06-22,2122.850098,2.36
"1377",2015-06-23,2124.199951,2.409
"1378",2015-06-24,2108.580078,2.371
"1379",2015-06-25,2102.310059,2.393
"1380",2015-06-26,2101.48999,2.476
"1381",2015-06-29,2057.639893,2.331
"1382",2015-06-30,2063.110107,2.335
"1383",2015-07-01,2077.419922,2.418
"1384",2015-07-02,2076.780029,2.393
"1385",2015-07-06,2068.76001,2.278
"1386",2015-07-07,2081.340088,2.231
"1387",2015-07-08,2046.680054,2.206
"1388",2015-07-09,2051.310059,2.301
"1389",2015-07-10,2076.620117,2.417
"1390",2015-07-13,2099.600098,2.43
"1391",2015-07-14,2108.949951,2.399
"1392",2015-07-15,2107.399902,2.35
"1393",2015-07-16,2124.290039,2.352
"1394",2015-07-17,2126.639893,2.349
"1395",2015-07-20,2128.280029,2.372
"1396",2015-07-21,2119.209961,2.34
"1397",2015-07-22,2114.149902,2.322
"1398",2015-07-23,2102.149902,2.277
"1399",2015-07-24,2079.649902,2.271
"1400",2015-07-27,2067.639893,2.228
"1401",2015-07-28,2093.25,2.25
"1402",2015-07-29,2108.570068,2.279
"1403",2015-07-30,2108.629883,2.268
"1404",2015-07-31,2103.840088,2.205
"1405",2015-08-03,2098.040039,2.15
"1406",2015-08-04,2093.320068,2.211
"1407",2015-08-05,2099.840088,2.268
"1408",2015-08-06,2083.560059,2.234
"1409",2015-08-07,2077.570068,2.175
"1410",2015-08-10,2104.179932,2.238
"1411",2015-08-11,2084.070068,2.137
"1412",2015-08-12,2086.050049,2.13
"1413",2015-08-13,2083.389893,2.189
"1414",2015-08-14,2091.540039,2.196
"1415",2015-08-17,2102.439941,2.15
"1416",2015-08-18,2096.919922,2.196
"1417",2015-08-19,2079.610107,2.129
"1418",2015-08-20,2035.72998,2.084
"1419",2015-08-21,1970.890015,2.054
"1420",2015-08-24,1893.209961,1.997
"1421",2015-08-25,1867.609985,2.133
"1422",2015-08-26,1940.51001,2.172
"1423",2015-08-27,1987.660034,2.168
"1424",2015-08-28,1988.869995,2.186
"1425",2015-08-31,1972.180054,2.2
"1426",2015-09-01,1913.849976,2.172
"1427",2015-09-02,1948.859985,2.193
"1428",2015-09-03,1951.130005,2.168
"1429",2015-09-04,1921.219971,2.128
"1430",2015-09-08,1969.410034,2.194
"1431",2015-09-09,1942.040039,2.181
"1432",2015-09-10,1952.290039,2.222
"1433",2015-09-11,1961.050049,2.183
"1434",2015-09-14,1953.030029,2.18
"1435",2015-09-15,1978.089966,2.281
"1436",2015-09-16,1995.310059,2.303
"1437",2015-09-17,1990.199951,2.217
"1438",2015-09-18,1958.030029,2.13
"1439",2015-09-21,1966.969971,2.214
"1440",2015-09-22,1942.73999,2.125
"1441",2015-09-23,1938.76001,2.144
"1442",2015-09-24,1932.23999,2.12
"1443",2015-09-25,1931.339966,2.168
"1444",2015-09-28,1881.77002,2.095
"1445",2015-09-29,1884.089966,2.054
"1446",2015-09-30,1920.030029,2.06
"1447",2015-10-01,1923.819946,2.042
"1448",2015-10-02,1951.359985,1.989
"1449",2015-10-05,1987.050049,2.056
"1450",2015-10-06,1979.920044,2.035
"1451",2015-10-07,1995.829956,2.062
"1452",2015-10-08,2013.430054,2.108
"1453",2015-10-09,2014.890015,2.099
"1454",2015-10-12,2017.459961,2.09
"1455",2015-10-13,2003.689941,2.055
"1456",2015-10-14,1994.23999,1.981
"1457",2015-10-15,2023.859985,2.023
"1458",2015-10-16,2033.109985,2.023
"1459",2015-10-19,2033.660034,2.028
"1460",2015-10-20,2030.77002,2.071
"1461",2015-10-21,2018.939941,2.03
"1462",2015-10-22,2052.51001,2.025
"1463",2015-10-23,2075.149902,2.083
"1464",2015-10-26,2071.179932,2.058
"1465",2015-10-27,2065.889893,2.028
"1466",2015-10-28,2090.350098,2.092
"1467",2015-10-29,2089.409912,2.173
"1468",2015-10-30,2079.360107,2.151
"1469",2015-11-02,2104.050049,2.187
"1470",2015-11-03,2109.790039,2.22
"1471",2015-11-04,2102.310059,2.23
"1472",2015-11-05,2099.929932,2.245
"1473",2015-11-06,2099.199951,2.333
"1474",2015-11-09,2078.580078,2.342
"1475",2015-11-10,2081.719971,2.322
"1476",2015-11-11,2075,2.338
"1477",2015-11-12,2045.969971,2.319
"1478",2015-11-13,2023.040039,2.28
"1479",2015-11-16,2053.189941,2.273
"1480",2015-11-17,2050.439941,2.261
"1481",2015-11-18,2083.580078,2.269
"1482",2015-11-19,2081.23999,2.248
"1483",2015-11-20,2089.169922,2.262
"1484",2015-11-23,2086.590088,2.25
"1485",2015-11-24,2089.139893,2.243
"1486",2015-11-25,2088.870117,2.232
"1487",2015-11-27,2090.110107,2.225
"1488",2015-11-30,2080.409912,2.218
"1489",2015-12-01,2102.629883,2.155
"1490",2015-12-02,2079.51001,2.178
"1491",2015-12-03,2049.620117,2.33
"1492",2015-12-04,2091.689941,2.275
"1493",2015-12-07,2077.070068,2.225
"1494",2015-12-08,2063.590088,2.238
"1495",2015-12-09,2047.619995,2.208
"1496",2015-12-10,2052.22998,2.239
"1497",2015-12-11,2012.369995,2.139
"1498",2015-12-14,2021.939941,2.225
"1499",2015-12-15,2043.410034,2.268
"1500",2015-12-16,2073.070068,2.287
"1501",2015-12-17,2041.890015,2.238
"1502",2015-12-18,2005.550049,2.199
"1503",2015-12-21,2021.150024,2.197
"1504",2015-12-22,2038.969971,2.239
"1505",2015-12-23,2064.290039,2.264
"1506",2015-12-24,2060.98999,2.243
"1507",2015-12-28,2056.5,2.225
"1508",2015-12-29,2078.360107,2.307
"1509",2015-12-30,2063.360107,2.303
"1510",2015-12-31,2043.939941,2.269
"1511",2016-01-04,2012.660034,2.245
"1512",2016-01-05,2016.709961,2.248
"1513",2016-01-06,1990.26001,2.177
"1514",2016-01-07,1943.089966,2.153
"1515",2016-01-08,1922.030029,2.13
"1516",2016-01-11,1923.670044,2.158
"1517",2016-01-12,1938.680054,2.102
"1518",2016-01-13,1890.280029,2.066
"1519",2016-01-14,1921.839966,2.098
"1520",2016-01-15,1880.329956,2.033
"1521",2016-01-19,1881.329956,2.035
"1522",2016-01-20,1859.329956,1.984
"1523",2016-01-21,1868.98999,2.019
"1524",2016-01-22,1906.900024,2.048
"1525",2016-01-25,1877.079956,2.022
"1526",2016-01-26,1903.630005,1.994
"1527",2016-01-27,1882.949951,2.001
"1528",2016-01-28,1893.359985,1.985
"1529",2016-01-29,1940.23999,1.931
"1530",2016-02-01,1939.380005,1.966
"1531",2016-02-02,1903.030029,1.864
"1532",2016-02-03,1912.530029,1.881
"1533",2016-02-04,1915.449951,1.864
"1534",2016-02-05,1880.050049,1.848
"1535",2016-02-08,1853.439941,1.735
"1536",2016-02-09,1852.209961,1.729
"1537",2016-02-10,1851.859985,1.705
"1538",2016-02-11,1829.079956,1.644
"1539",2016-02-12,1864.780029,1.748
"1540",2016-02-16,1895.579956,1.778
"1541",2016-02-17,1926.819946,1.819
"1542",2016-02-18,1917.829956,1.759
"1543",2016-02-19,1917.780029,1.748
"1544",2016-02-22,1945.5,1.766
"1545",2016-02-23,1921.27002,1.745
"1546",2016-02-24,1929.800049,1.742
"1547",2016-02-25,1951.699951,1.697
"1548",2016-02-26,1948.050049,1.762
"1549",2016-02-29,1932.22998,1.74
"1550",2016-03-01,1978.349976,1.834
"1551",2016-03-02,1986.449951,1.848
"1552",2016-03-03,1993.400024,1.83
"1553",2016-03-04,1999.98999,1.883
"1554",2016-03-07,2001.76001,1.902
"1555",2016-03-08,1979.26001,1.832
"1556",2016-03-09,1989.26001,1.892
"1557",2016-03-10,1989.569946,1.929
"1558",2016-03-11,2022.189941,1.977
"1559",2016-03-14,2019.640015,1.963
"1560",2016-03-15,2015.930054,1.959
"1561",2016-03-16,2027.219971,1.938
"1562",2016-03-17,2040.589966,1.903
"1563",2016-03-18,2049.580078,1.871
"1564",2016-03-21,2051.600098,1.923
"1565",2016-03-22,2049.800049,1.935
"1566",2016-03-23,2036.709961,1.875
"1567",2016-03-24,2035.939941,1.9
"1568",2016-03-28,2037.050049,1.87
"1569",2016-03-29,2055.01001,1.814
"1570",2016-03-30,2063.949951,1.83
"1571",2016-03-31,2059.73999,1.786
"1572",2016-04-01,2072.780029,1.792
"1573",2016-04-04,2066.129883,1.779
"1574",2016-04-05,2045.170044,1.727
"1575",2016-04-06,2066.659912,1.755
"1576",2016-04-07,2041.910034,1.691
"1577",2016-04-08,2047.599976,1.72
"1578",2016-04-11,2041.98999,1.724
"1579",2016-04-12,2061.719971,1.781
"1580",2016-04-13,2082.419922,1.762
"1581",2016-04-14,2082.780029,1.781
"1582",2016-04-15,2080.72998,1.752
"1583",2016-04-18,2094.340088,1.773
"1584",2016-04-19,2100.800049,1.783
"1585",2016-04-20,2102.399902,1.854
"1586",2016-04-21,2091.47998,1.87
"1587",2016-04-22,2091.580078,1.888
"1588",2016-04-25,2087.790039,1.902
"1589",2016-04-26,2091.699951,1.931
"1590",2016-04-27,2095.149902,1.86
"1591",2016-04-28,2075.810059,1.838
"1592",2016-04-29,2065.300049,1.819
"1593",2016-05-02,2081.429932,1.865
"1594",2016-05-03,2063.370117,1.8
"1595",2016-05-04,2051.120117,1.784
"1596",2016-05-05,2050.629883,1.747
"1597",2016-05-06,2057.139893,1.779
"1598",2016-05-09,2058.689941,1.76
"1599",2016-05-10,2084.389893,1.76
"1600",2016-05-11,2064.459961,1.737
"1601",2016-05-12,2064.110107,1.757
"1602",2016-05-13,2046.609985,1.705
"1603",2016-05-16,2066.659912,1.753
"1604",2016-05-17,2047.209961,1.759
"1605",2016-05-18,2047.630005,1.88
"1606",2016-05-19,2040.040039,1.845
"1607",2016-05-20,2052.320068,1.849
"1608",2016-05-23,2048.040039,1.838
"1609",2016-05-24,2076.060059,1.859
"1610",2016-05-25,2090.540039,1.87
"1611",2016-05-26,2090.100098,1.823
"1612",2016-05-27,2099.060059,1.851
"1613",2016-05-31,2096.949951,1.834
"1614",2016-06-01,2099.330078,1.846
"1615",2016-06-02,2105.26001,1.811
"1616",2016-06-03,2099.129883,1.704
"1617",2016-06-06,2109.409912,1.723
"1618",2016-06-07,2112.129883,1.713
"1619",2016-06-08,2119.120117,1.706
"1620",2016-06-09,2115.47998,1.68
"1621",2016-06-10,2096.070068,1.639
"1622",2016-06-13,2079.060059,1.616
"1623",2016-06-14,2075.320068,1.611
"1624",2016-06-15,2071.5,1.596
"1625",2016-06-16,2077.98999,1.564
"1626",2016-06-17,2071.219971,1.618
"1627",2016-06-20,2083.25,1.67
"1628",2016-06-21,2088.899902,1.697
"1629",2016-06-22,2085.449951,1.685
"1630",2016-06-23,2113.320068,1.739
"1631",2016-06-24,2037.410034,1.579
"1632",2016-06-27,2000.540039,1.46
"1633",2016-06-28,2036.089966,1.461
"1634",2016-06-29,2070.77002,1.477
"1635",2016-06-30,2098.860107,1.488
"1636",2016-07-01,2102.949951,1.456
"1637",2016-07-05,2088.550049,1.367
"1638",2016-07-06,2099.72998,1.385
"1639",2016-07-07,2097.899902,1.387
"1640",2016-07-08,2129.899902,1.366
"1641",2016-07-11,2137.159912,1.434
"1642",2016-07-12,2152.139893,1.513
"1643",2016-07-13,2152.429932,1.468
"1644",2016-07-14,2163.75,1.531
"1645",2016-07-15,2161.73999,1.594
"1646",2016-07-18,2166.889893,1.587
"1647",2016-07-19,2163.780029,1.558
"1648",2016-07-20,2173.02002,1.58
"1649",2016-07-21,2165.169922,1.565
"1650",2016-07-22,2175.030029,1.57
"1651",2016-07-25,2168.47998,1.571
"1652",2016-07-26,2169.179932,1.563
"1653",2016-07-27,2166.580078,1.515
"1654",2016-07-28,2170.060059,1.511
"1655",2016-07-29,2173.600098,1.458
"1656",2016-08-01,2170.840088,1.496
"1657",2016-08-02,2157.030029,1.537
"1658",2016-08-03,2163.790039,1.542
"1659",2016-08-04,2164.25,1.503
"1660",2016-08-05,2182.870117,1.582
"1661",2016-08-08,2180.889893,1.583
"1662",2016-08-09,2181.73999,1.545
"1663",2016-08-10,2175.48999,1.509
"1664",2016-08-11,2185.790039,1.573
"1665",2016-08-12,2184.050049,1.515
"1666",2016-08-15,2190.149902,1.553
"1667",2016-08-16,2178.149902,1.576
"1668",2016-08-17,2182.219971,1.561
"1669",2016-08-18,2187.02002,1.536
"1670",2016-08-19,2183.870117,1.578
"1671",2016-08-22,2182.639893,1.539
"1672",2016-08-23,2186.899902,1.553
"1673",2016-08-24,2175.439941,1.559
"1674",2016-08-25,2172.469971,1.577
"1675",2016-08-26,2169.040039,1.635
"1676",2016-08-29,2180.379883,1.566
"1677",2016-08-30,2176.120117,1.57
"1678",2016-08-31,2170.949951,1.568
"1679",2016-09-01,2170.860107,1.57
"1680",2016-09-02,2179.97998,1.596
"1681",2016-09-06,2186.47998,1.543
"1682",2016-09-07,2186.159912,1.541
"1683",2016-09-08,2181.300049,1.616
"1684",2016-09-09,2127.810059,1.672
"1685",2016-09-12,2159.040039,1.672
"1686",2016-09-13,2127.02002,1.734
"1687",2016-09-14,2125.77002,1.689
"1688",2016-09-15,2147.26001,1.703
"1689",2016-09-16,2139.159912,1.701
"1690",2016-09-19,2139.120117,1.696
"1691",2016-09-20,2139.76001,1.688
"1692",2016-09-21,2163.120117,1.668
"1693",2016-09-22,2177.179932,1.632
"1694",2016-09-23,2164.689941,1.615
"1695",2016-09-26,2146.100098,1.589
"1696",2016-09-27,2159.929932,1.556
"1697",2016-09-28,2171.370117,1.567
"1698",2016-09-29,2151.129883,1.557
"1699",2016-09-30,2168.27002,1.608
"1700",2016-10-03,2161.199951,1.622
"1701",2016-10-04,2150.48999,1.683
"1702",2016-10-05,2159.72998,1.716
"1703",2016-10-06,2160.77002,1.742
"1704",2016-10-07,2153.73999,1.736
"1705",2016-10-10,2163.659912,1.723
"1706",2016-10-11,2136.72998,1.759
"1707",2016-10-12,2139.179932,1.778
"1708",2016-10-13,2132.550049,1.738
"1709",2016-10-14,2132.97998,1.794
"1710",2016-10-17,2126.5,1.766
"1711",2016-10-18,2139.600098,1.749
"1712",2016-10-19,2144.290039,1.752
"1713",2016-10-20,2141.340088,1.747
"1714",2016-10-21,2141.159912,1.74
"1715",2016-10-24,2151.330078,1.763
"1716",2016-10-25,2143.159912,1.758
"1717",2016-10-26,2139.429932,1.79
"1718",2016-10-27,2133.040039,1.843
"1719",2016-10-28,2126.409912,1.845
"1720",2016-10-31,2126.149902,1.834
"1721",2016-11-01,2111.719971,1.82
"1722",2016-11-02,2097.939941,1.799
"1723",2016-11-03,2088.659912,1.812
"1724",2016-11-04,2085.179932,1.783
"1725",2016-11-07,2131.52002,1.828
"1726",2016-11-08,2139.560059,1.862
"1727",2016-11-09,2163.26001,2.072
"1728",2016-11-10,2167.47998,2.117
"1729",2016-11-11,2164.449951,2.1695
"1730",2016-11-14,2164.199951,2.222
"1731",2016-11-15,2180.389893,2.238
"1732",2016-11-16,2176.939941,2.223
"1733",2016-11-17,2187.120117,2.276
"1734",2016-11-18,2181.899902,2.335
"1735",2016-11-21,2198.179932,2.339
"1736",2016-11-22,2202.939941,2.321
"1737",2016-11-23,2204.719971,2.357
"1738",2016-11-25,2213.350098,2.372
"1739",2016-11-28,2201.719971,2.32
"1740",2016-11-29,2204.659912,2.302
"1741",2016-11-30,2198.810059,2.368
"1742",2016-12-01,2191.080078,2.441
"1743",2016-12-02,2191.949951,2.39
"1744",2016-12-05,2204.709961,2.387
"1745",2016-12-06,2212.22998,2.396
"1746",2016-12-07,2241.350098,2.347
"1747",2016-12-08,2246.189941,2.387
"1748",2016-12-09,2259.530029,2.464
"1749",2016-12-12,2256.959961,2.479
"1750",2016-12-13,2271.719971,2.481
"1751",2016-12-14,2253.280029,2.525
"1752",2016-12-15,2262.030029,2.58
"1753",2016-12-16,2258.070068,2.597
"1754",2016-12-19,2262.530029,2.542
"1755",2016-12-20,2270.76001,2.568
"1756",2016-12-21,2265.179932,2.546
"1757",2016-12-22,2260.959961,2.553
"1758",2016-12-23,2263.790039,2.543
"1759",2016-12-27,2268.879883,2.563
"1760",2016-12-28,2249.919922,2.506
"1761",2016-12-29,2249.26001,2.477
"1762",2016-12-30,2238.830078,2.446
"1763",2017-01-03,2257.830078,2.45
"1764",2017-01-04,2270.75,2.452
"1765",2017-01-05,2269,2.368
"1766",2017-01-06,2276.97998,2.418
"1767",2017-01-09,2268.899902,2.376
"1768",2017-01-10,2268.899902,2.379
"1769",2017-01-11,2275.320068,2.37
"1770",2017-01-12,2270.439941,2.361
"1771",2017-01-13,2274.639893,2.38
"1772",2017-01-17,2267.889893,2.33
"1773",2017-01-18,2271.889893,2.389
"1774",2017-01-19,2263.689941,2.459
"1775",2017-01-20,2271.310059,2.467
"1776",2017-01-23,2265.199951,2.403
"1777",2017-01-24,2280.070068,2.471
"1778",2017-01-25,2298.370117,2.523
"1779",2017-01-26,2296.679932,2.508
"1780",2017-01-27,2294.689941,2.481
"1781",2017-01-30,2280.899902,2.483
"1782",2017-01-31,2278.870117,2.451
"1783",2017-02-01,2279.550049,2.474
"1784",2017-02-02,2280.850098,2.47
"1785",2017-02-03,2297.419922,2.491
"1786",2017-02-06,2292.560059,2.413
"1787",2017-02-07,2293.080078,2.389
"1788",2017-02-08,2294.669922,2.351
"1789",2017-02-09,2307.870117,2.395
"1790",2017-02-10,2316.100098,2.409
"1791",2017-02-13,2328.25,2.434
"1792",2017-02-14,2337.580078,2.47
"1793",2017-02-15,2349.25,2.502
"1794",2017-02-16,2347.219971,2.45
"1795",2017-02-17,2351.159912,2.425
"1796",2017-02-21,2365.379883,2.427
"1797",2017-02-22,2362.820068,2.418
"1798",2017-02-23,2363.810059,2.388
"1799",2017-02-24,2367.340088,2.317
"1800",2017-02-27,2369.75,2.369
"1801",2017-02-28,2363.639893,2.358
"1802",2017-03-01,2395.959961,2.463
"1803",2017-03-02,2381.919922,2.489
"1804",2017-03-03,2383.120117,2.492
"1805",2017-03-06,2375.310059,2.494
"1806",2017-03-07,2368.389893,2.511
"1807",2017-03-08,2362.97998,2.552
"1808",2017-03-09,2364.870117,2.598
"1809",2017-03-10,2372.600098,2.582
"1810",2017-03-13,2373.469971,2.608
"1811",2017-03-14,2365.449951,2.595
"1812",2017-03-15,2385.26001,2.508
"1813",2017-03-16,2381.379883,2.522
"1814",2017-03-17,2378.25,2.501
"1815",2017-03-20,2373.469971,2.473
"1816",2017-03-21,2344.02002,2.436
"1817",2017-03-22,2348.449951,2.396
"1818",2017-03-23,2345.959961,2.418
"1819",2017-03-24,2343.97998,2.4
"1820",2017-03-27,2341.590088,2.373
"1821",2017-03-28,2358.570068,2.409
"1822",2017-03-29,2361.129883,2.386
"1823",2017-03-30,2368.060059,2.416
"1824",2017-03-31,2362.719971,2.396
"1825",2017-04-03,2358.840088,2.35
"1826",2017-04-04,2360.159912,2.35
"1827",2017-04-05,2352.949951,2.357
"1828",2017-04-06,2357.48999,2.343
"1829",2017-04-07,2355.540039,2.373
"1830",2017-04-10,2357.159912,2.361
"1831",2017-04-11,2353.780029,2.298
"1832",2017-04-12,2344.929932,2.296
"1833",2017-04-13,2328.949951,2.232
"1834",2017-04-17,2349.01001,2.252
"1835",2017-04-18,2342.189941,2.179
"1836",2017-04-19,2338.169922,2.202
"1837",2017-04-20,2355.840088,2.241
"1838",2017-04-21,2348.689941,2.237
"1839",2017-04-24,2374.149902,2.273
"1840",2017-04-25,2388.610107,2.327
"1841",2017-04-26,2387.449951,2.311
"1842",2017-04-27,2388.77002,2.296
"1843",2017-04-28,2384.199951,2.282
"1844",2017-05-01,2388.330078,2.325
"1845",2017-05-02,2391.169922,2.296
"1846",2017-05-03,2388.129883,2.309
"1847",2017-05-04,2389.52002,2.356
"1848",2017-05-05,2399.290039,2.352
"1849",2017-05-08,2399.379883,2.376
"1850",2017-05-09,2396.919922,2.407
"1851",2017-05-10,2399.629883,2.414
"1852",2017-05-11,2394.439941,2.4
"1853",2017-05-12,2390.899902,2.335
"1854",2017-05-15,2402.320068,2.338
"1855",2017-05-16,2400.669922,2.329
"1856",2017-05-17,2357.030029,2.216
"1857",2017-05-18,2365.719971,2.233
"1858",2017-05-19,2381.72998,2.245
"1859",2017-05-22,2394.02002,2.254
"1860",2017-05-23,2398.419922,2.285
"1861",2017-05-24,2404.389893,2.266
"1862",2017-05-25,2415.070068,2.255
"1863",2017-05-26,2415.820068,2.25
"1864",2017-05-30,2412.909912,2.217
"1865",2017-05-31,2411.800049,2.196
"1866",2017-06-01,2430.060059,2.217
"1867",2017-06-02,2439.070068,2.159
"1868",2017-06-05,2436.100098,2.182
"1869",2017-06-06,2429.330078,2.147
"1870",2017-06-07,2433.139893,2.178
"1871",2017-06-08,2433.790039,2.194
"1872",2017-06-09,2431.77002,2.199
"1873",2017-06-12,2429.389893,2.213
"1874",2017-06-13,2440.350098,2.207
"1875",2017-06-14,2437.919922,2.138
"1876",2017-06-15,2432.459961,2.162
"1877",2017-06-16,2433.149902,2.157
"1878",2017-06-19,2453.459961,2.19
"1879",2017-06-20,2437.030029,2.153
"1880",2017-06-21,2435.610107,2.155
"1881",2017-06-22,2434.5,2.153
"1882",2017-06-23,2438.300049,2.144
"1883",2017-06-26,2439.070068,2.137
"1884",2017-06-27,2419.379883,2.198
"1885",2017-06-28,2440.689941,2.221
"1886",2017-06-29,2419.699951,2.267
"1887",2017-06-30,2423.409912,2.302
"1888",2017-07-03,2429.01001,2.346
"1889",2017-07-05,2432.540039,2.334
"1890",2017-07-06,2409.75,2.37
"1891",2017-07-07,2425.179932,2.393
"1892",2017-07-10,2427.429932,2.371
"1893",2017-07-11,2425.530029,2.362
"1894",2017-07-12,2443.25,2.327
"1895",2017-07-13,2447.830078,2.348
"1896",2017-07-14,2459.27002,2.319
"1897",2017-07-17,2459.139893,2.309
"1898",2017-07-18,2460.610107,2.263
"1899",2017-07-19,2473.830078,2.268
"1900",2017-07-20,2473.449951,2.266
"1901",2017-07-21,2472.540039,2.232
"1902",2017-07-24,2469.909912,2.254
"1903",2017-07-25,2477.129883,2.326
"1904",2017-07-26,2477.830078,2.282
"1905",2017-07-27,2475.419922,2.31
"1906",2017-07-28,2472.100098,2.289
"1907",2017-07-31,2470.300049,2.292
"1908",2017-08-01,2476.350098,2.251
"1909",2017-08-02,2477.570068,2.262
"1910",2017-08-03,2472.159912,2.228
"1911",2017-08-04,2476.830078,2.267
"1912",2017-08-07,2480.909912,2.257
"1913",2017-08-08,2474.919922,2.283
"1914",2017-08-09,2474.02002,2.241
"1915",2017-08-10,2438.209961,2.212
"1916",2017-08-11,2441.320068,2.189
"1917",2017-08-14,2465.840088,2.219
"1918",2017-08-15,2464.610107,2.266
"1919",2017-08-16,2468.110107,2.226
"1920",2017-08-17,2430.01001,2.199
"1921",2017-08-18,2425.550049,2.194
"1922",2017-08-21,2428.370117,2.18
"1923",2017-08-22,2452.51001,2.215
"1924",2017-08-23,2444.040039,2.171
"1925",2017-08-24,2438.969971,2.194
"1926",2017-08-25,2443.050049,2.169
"1927",2017-08-28,2444.23999,2.159
"1928",2017-08-29,2446.300049,2.136
"1929",2017-08-30,2457.590088,2.143
"1930",2017-08-31,2471.649902,2.121
"1931",2017-09-01,2476.550049,2.157
"1932",2017-09-05,2457.850098,2.07
"1933",2017-09-06,2465.540039,2.108
"1934",2017-09-07,2465.100098,2.061
"1935",2017-09-08,2461.429932,2.061
"1936",2017-09-11,2488.110107,2.125
"1937",2017-09-12,2496.47998,2.171
"1938",2017-09-13,2498.370117,2.195
"1939",2017-09-14,2495.620117,2.197
"1940",2017-09-15,2500.22998,2.202
"1941",2017-09-18,2503.870117,2.229
"1942",2017-09-19,2506.649902,2.243
"1943",2017-09-20,2508.23999,2.277
"1944",2017-09-21,2500.600098,2.278
"1945",2017-09-22,2502.219971,2.262
"1946",2017-09-25,2496.659912,2.22
"1947",2017-09-26,2496.840088,2.229
"1948",2017-09-27,2507.040039,2.309
"1949",2017-09-28,2510.060059,2.309
"1950",2017-09-29,2519.360107,2.326
"1951",2017-10-02,2529.120117,2.337
"1952",2017-10-03,2534.580078,2.334
"1953",2017-10-04,2537.73999,2.33
"1954",2017-10-05,2552.070068,2.35
"1955",2017-10-06,2549.330078,2.37
"1956",2017-10-09,2544.72998,2.361
"1957",2017-10-10,2550.639893,2.345
"1958",2017-10-11,2555.23999,2.345
"1959",2017-10-12,2550.929932,2.323
"1960",2017-10-13,2553.169922,2.28
"1961",2017-10-16,2557.639893,2.307
"1962",2017-10-17,2559.360107,2.298
"1963",2017-10-18,2561.26001,2.339
"1964",2017-10-19,2562.100098,2.321
"1965",2017-10-20,2575.209961,2.381
"1966",2017-10-23,2564.97998,2.376
"1967",2017-10-24,2569.129883,2.406
"1968",2017-10-25,2557.149902,2.444
"1969",2017-10-26,2560.399902,2.452
"1970",2017-10-27,2581.070068,2.428
"1971",2017-10-30,2572.830078,2.37
"1972",2017-10-31,2575.26001,2.376
"1973",2017-11-01,2579.360107,2.376
"1974",2017-11-02,2579.850098,2.347
"1975",2017-11-03,2587.840088,2.343
"1976",2017-11-06,2591.129883,2.32
"1977",2017-11-07,2590.639893,2.307
"1978",2017-11-08,2594.379883,2.325
"1979",2017-11-09,2584.620117,2.331
"1980",2017-11-10,2582.300049,2.4
"1981",2017-11-13,2584.840088,2.4
"1982",2017-11-14,2578.870117,2.381
"1983",2017-11-15,2564.620117,2.335
"1984",2017-11-16,2585.639893,2.361
"1985",2017-11-17,2578.850098,2.354
"1986",2017-11-20,2582.139893,2.372
"1987",2017-11-21,2599.030029,2.363
"1988",2017-11-22,2597.080078,2.322
"1989",2017-11-24,2602.419922,2.34
"1990",2017-11-27,2601.419922,2.328
"1991",2017-11-28,2627.040039,2.338
"1992",2017-11-29,2626.070068,2.376
"1993",2017-11-30,2647.580078,2.417
"1994",2017-12-01,2642.219971,2.362
"1995",2017-12-04,2639.439941,2.379
"1996",2017-12-05,2629.570068,2.356
"1997",2017-12-06,2629.27002,2.33
"1998",2017-12-07,2636.97998,2.376
"1999",2017-12-08,2651.5,2.383
"2000",2017-12-11,2659.98999,2.385
"2001",2017-12-12,2664.110107,2.403
"2002",2017-12-13,2662.850098,2.349
"2003",2017-12-14,2652.01001,2.346
"2004",2017-12-15,2675.810059,2.355
"2005",2017-12-18,2690.159912,2.392
"2006",2017-12-19,2681.469971,2.463
"2007",2017-12-20,2679.25,2.497
"2008",2017-12-21,2684.570068,2.481
"2009",2017-12-22,2683.340088,2.485
"2010",2017-12-26,2680.5,2.467
"2011",2017-12-27,2682.620117,2.414
"2012",2017-12-28,2687.540039,2.432
"2013",2017-12-29,2673.610107,2.405
"2014",2018-01-02,2695.810059,2.465
"2015",2018-01-03,2713.060059,2.447
"2016",2018-01-04,2723.98999,2.453
"2017",2018-01-05,2743.149902,2.476
"2018",2018-01-08,2747.709961,2.48
"2019",2018-01-09,2751.290039,2.546
"2020",2018-01-10,2748.22998,2.55
"2021",2018-01-11,2767.560059,2.531
"2022",2018-01-12,2786.23999,2.552
"2023",2018-01-16,2776.419922,2.544
"2024",2018-01-17,2802.560059,2.578
"2025",2018-01-18,2798.030029,2.611
"2026",2018-01-19,2810.300049,2.637
"2027",2018-01-22,2832.969971,2.665
"2028",2018-01-23,2839.129883,2.624
"2029",2018-01-24,2837.540039,2.654
"2030",2018-01-25,2839.25,2.621
"2031",2018-01-26,2872.870117,2.662
"2032",2018-01-29,2853.530029,2.699
"2033",2018-01-30,2822.429932,2.726
"2034",2018-01-31,2823.810059,2.72
"2035",2018-02-01,2821.97998,2.773
"2036",2018-02-02,2762.129883,2.854
"2037",2018-02-05,2648.939941,2.794
"2038",2018-02-06,2695.139893,2.768
"2039",2018-02-07,2681.659912,2.844
"2040",2018-02-08,2581,2.851
"2041",2018-02-09,2619.550049,2.829
"2042",2018-02-12,2656,2.857
"2043",2018-02-13,2662.939941,2.84
"2044",2018-02-14,2698.629883,2.913
"2045",2018-02-15,2731.199951,2.891
"2046",2018-02-16,2732.219971,2.877
"2047",2018-02-20,2716.26001,2.893
"2048",2018-02-21,2701.330078,2.943
"2049",2018-02-22,2703.959961,2.917
"2050",2018-02-23,2747.300049,2.871
"2051",2018-02-26,2779.600098,2.859
"2052",2018-02-27,2744.280029,2.908
"2053",2018-02-28,2713.830078,2.868
"2054",2018-03-01,2677.669922,2.804
"2055",2018-03-02,2691.25,2.857
"2056",2018-03-05,2720.939941,2.881
"2057",2018-03-06,2728.120117,2.877
"2058",2018-03-07,2726.800049,2.883
"2059",2018-03-08,2738.969971,2.866
"2060",2018-03-09,2786.570068,2.894
"2061",2018-03-12,2783.02002,2.87
"2062",2018-03-13,2765.310059,2.848
"2063",2018-03-14,2749.47998,2.817
"2064",2018-03-15,2747.330078,2.826
"2065",2018-03-16,2752.01001,2.848
"2066",2018-03-19,2712.919922,2.845
"2067",2018-03-20,2716.939941,2.879
"2068",2018-03-21,2711.929932,2.907
"2069",2018-03-22,2643.689941,2.832
"2070",2018-03-23,2588.26001,2.83
"2071",2018-03-26,2658.550049,2.843
"2072",2018-03-27,2612.620117,2.786
"2073",2018-03-28,2605,2.775
"2074",2018-03-29,2640.870117,2.741
"2075",2018-04-02,2581.879883,2.732
"2076",2018-04-03,2614.449951,2.784
"2077",2018-04-04,2644.689941,2.788
"2078",2018-04-05,2662.840088,2.832
"2079",2018-04-06,2604.469971,2.775
"2080",2018-04-09,2613.159912,2.786
"2081",2018-04-10,2656.870117,2.797
"2082",2018-04-11,2642.189941,2.79
"2083",2018-04-12,2663.98999,2.834
"2084",2018-04-13,2656.300049,2.829
"2085",2018-04-16,2677.840088,2.832
"2086",2018-04-17,2706.389893,2.814
"2087",2018-04-18,2708.639893,2.867
"2088",2018-04-19,2693.129883,2.914
"2089",2018-04-20,2670.139893,2.951
"2090",2018-04-23,2670.290039,2.973
"2091",2018-04-24,2634.560059,2.983
"2092",2018-04-25,2639.399902,3.024
"2093",2018-04-26,2666.939941,2.99
"2094",2018-04-27,2669.909912,2.957
"2095",2018-04-30,2648.050049,2.936
"2096",2018-05-01,2654.800049,2.976
"2097",2018-05-02,2635.669922,2.964
"2098",2018-05-03,2629.72998,2.946
"2099",2018-05-04,2663.419922,2.944
"2100",2018-05-07,2672.629883,2.95
"2101",2018-05-08,2671.919922,2.969
"2102",2018-05-09,2697.790039,3.004
"2103",2018-05-10,2723.070068,2.971
"2104",2018-05-11,2727.719971,2.971
"2105",2018-05-14,2730.129883,2.995
"2106",2018-05-15,2711.449951,3.08
"2107",2018-05-16,2722.459961,3.095
"2108",2018-05-17,2720.129883,3.109
"2109",2018-05-18,2712.969971,3.067
"2110",2018-05-21,2733.01001,3.065
"2111",2018-05-22,2724.439941,3.065
"2112",2018-05-23,2733.290039,3.003
"2113",2018-05-24,2727.76001,2.981
"2114",2018-05-25,2721.330078,2.931
"2115",2018-05-29,2689.860107,2.768
"2116",2018-05-30,2724.01001,2.842
"2117",2018-05-31,2705.27002,2.822
"2118",2018-06-01,2734.620117,2.895
"2119",2018-06-04,2746.870117,2.937
"2120",2018-06-05,2748.800049,2.919
"2121",2018-06-06,2772.350098,2.975
"2122",2018-06-07,2770.370117,2.933
"2123",2018-06-08,2779.030029,2.937
"2124",2018-06-11,2782,2.957
"2125",2018-06-12,2786.850098,2.957
"2126",2018-06-13,2775.629883,2.977
"2127",2018-06-14,2782.48999,2.946
"2128",2018-06-15,2779.659912,2.924
"2129",2018-06-18,2773.75,2.926
"2130",2018-06-19,2762.590088,2.893
"2131",2018-06-20,2767.320068,2.928
"2132",2018-06-21,2749.76001,2.897
"2133",2018-06-22,2754.879883,2.9
"2134",2018-06-25,2717.070068,2.875
"2135",2018-06-26,2723.060059,2.88
"2136",2018-06-27,2699.629883,2.827
"2137",2018-06-28,2716.310059,2.847
"2138",2018-06-29,2718.370117,2.849
"2139",2018-07-02,2726.709961,2.866
"2140",2018-07-03,2713.219971,2.838
"2141",2018-07-05,2736.610107,2.84
"2142",2018-07-06,2759.820068,2.831
"2143",2018-07-09,2784.169922,2.86
"2144",2018-07-10,2793.840088,2.873
"2145",2018-07-11,2774.02002,2.842
"2146",2018-07-12,2798.290039,2.853
"2147",2018-07-13,2801.310059,2.831
"2148",2018-07-16,2798.429932,2.858
"2149",2018-07-17,2809.550049,2.864
"2150",2018-07-18,2815.620117,2.875
"2151",2018-07-19,2804.48999,2.847
"2152",2018-07-20,2801.830078,2.895
"2153",2018-07-23,2806.97998,2.965
"2154",2018-07-24,2820.399902,2.949
"2155",2018-07-25,2846.070068,2.936
"2156",2018-07-26,2837.439941,2.975
"2157",2018-07-27,2818.820068,2.96
"2158",2018-07-30,2802.600098,2.975
"2159",2018-07-31,2816.290039,2.964
"2160",2018-08-01,2813.360107,3.003
"2161",2018-08-02,2827.219971,2.986
"2162",2018-08-03,2840.350098,2.953
"2163",2018-08-06,2850.399902,2.938
"2164",2018-08-07,2858.449951,2.973
"2165",2018-08-08,2857.699951,2.971
"2166",2018-08-09,2853.580078,2.935
"2167",2018-08-10,2833.280029,2.857
"2168",2018-08-13,2821.929932,2.877
"2169",2018-08-14,2839.959961,2.895
"2170",2018-08-15,2818.370117,2.852
"2171",2018-08-16,2840.689941,2.871
"2172",2018-08-17,2850.129883,2.873
"2173",2018-08-20,2857.050049,2.823
"2174",2018-08-21,2862.959961,2.844
"2175",2018-08-22,2861.820068,2.823
"2176",2018-08-23,2856.97998,2.821
"2177",2018-08-24,2874.689941,2.826
"2178",2018-08-27,2896.73999,2.848
"2179",2018-08-28,2897.52002,2.884
"2180",2018-08-29,2914.040039,2.884
"2181",2018-08-30,2901.129883,2.86
"2182",2018-08-31,2901.52002,2.853
"2183",2018-09-04,2896.719971,2.902
"2184",2018-09-05,2888.600098,2.902
"2185",2018-09-06,2878.050049,2.879
"2186",2018-09-07,2871.679932,2.942
"2187",2018-09-10,2877.129883,2.937
"2188",2018-09-11,2887.889893,2.977
"2189",2018-09-12,2888.919922,2.963
"2190",2018-09-13,2904.179932,2.963
"2191",2018-09-14,2904.97998,2.994
"2192",2018-09-17,2888.800049,3.001
"2193",2018-09-18,2904.310059,3.048
"2194",2018-09-19,2907.949951,3.083
"2195",2018-09-20,2930.75,3.078
"2196",2018-09-21,2929.669922,3.068
"2197",2018-09-24,2919.370117,3.078
"2198",2018-09-25,2915.560059,3.102
"2199",2018-09-26,2905.969971,3.061
"2200",2018-09-27,2914,3.056
"2201",2018-09-28,2913.97998,3.056
"2202",2018-10-01,2924.590088,3.08
"2203",2018-10-02,2923.429932,3.056
"2204",2018-10-03,2925.51001,3.161
"2205",2018-10-04,2901.610107,3.197
"2206",2018-10-05,2885.570068,3.225
"2207",2018-10-08,2884.429932,3.233
"2208",2018-10-09,2880.340088,3.208
"2209",2018-10-10,2785.679932,3.225
"2210",2018-10-11,2728.370117,3.133
"2211",2018-10-12,2767.129883,3.141
"2212",2018-10-15,2750.790039,3.163
"2213",2018-10-16,2809.919922,3.156
"2214",2018-10-17,2809.209961,3.179
"2215",2018-10-18,2768.780029,3.175
"2216",2018-10-19,2767.780029,3.198
"2217",2018-10-22,2755.879883,3.196
"2218",2018-10-23,2740.689941,3.166
"2219",2018-10-24,2656.100098,3.124
"2220",2018-10-25,2705.570068,3.136
"2221",2018-10-26,2658.689941,3.077
"2222",2018-10-29,2641.25,3.087
"2223",2018-10-30,2682.629883,3.11
"2224",2018-10-31,2711.73999,3.159
"2225",2018-11-01,2740.370117,3.144
"2226",2018-11-02,2723.060059,3.214
"2227",2018-11-05,2738.310059,3.201
"2228",2018-11-06,2755.449951,3.214
"2229",2018-11-07,2813.889893,3.213
"2230",2018-11-08,2806.830078,3.234
"2231",2018-11-09,2781.01001,3.189
"2232",2018-11-12,2726.219971,3.186
"2233",2018-11-13,2722.179932,3.145
"2234",2018-11-14,2701.580078,3.12
"2235",2018-11-15,2730.199951,3.118
"2236",2018-11-16,2736.27002,3.074
"2237",2018-11-19,2690.72998,3.057
"2238",2018-11-20,2641.889893,3.048
"2239",2018-11-21,2649.929932,3.061
"2240",2018-11-23,2632.560059,3.054
"2241",2018-11-26,2673.449951,3.072
"2242",2018-11-27,2682.169922,3.055
"2243",2018-11-28,2743.790039,3.044
"2244",2018-11-29,2737.800049,3.035
"2245",2018-11-30,2760.169922,3.013
"2246",2018-12-03,2790.370117,2.992
"2247",2018-12-04,2700.060059,2.924
"2248",2018-12-06,2695.949951,2.876
"2249",2018-12-07,2633.080078,2.85
"2250",2018-12-10,2637.719971,2.856
"2251",2018-12-11,2636.780029,2.879
"2252",2018-12-12,2651.070068,2.906
"2253",2018-12-13,2650.540039,2.911
"2254",2018-12-14,2599.949951,2.891
"2255",2018-12-17,2545.939941,2.857
"2256",2018-12-18,2546.159912,2.825
"2257",2018-12-19,2506.959961,2.778
"2258",2018-12-20,2467.419922,2.789
"2259",2018-12-21,2416.620117,2.792
"2260",2018-12-24,2351.100098,2.749
"2261",2018-12-26,2467.699951,2.797
"2262",2018-12-27,2488.830078,2.743
"2263",2018-12-28,2485.73999,2.736
"2264",2018-12-31,2506.850098,2.686
"2265",2019-01-02,2510.030029,2.661
"2266",2019-01-03,2447.889893,2.554
"2267",2019-01-04,2531.939941,2.659
"2268",2019-01-07,2549.689941,2.682
"2269",2019-01-08,2574.409912,2.716
"2270",2019-01-09,2584.959961,2.728
"2271",2019-01-10,2596.639893,2.731
"2272",2019-01-11,2596.26001,2.701
"2273",2019-01-14,2582.610107,2.71
"2274",2019-01-15,2610.300049,2.711
"2275",2019-01-16,2616.100098,2.731
"2276",2019-01-17,2635.959961,2.749
"2277",2019-01-18,2670.709961,2.784
"2278",2019-01-22,2632.899902,2.73
"2279",2019-01-23,2638.699951,2.755
"2280",2019-01-24,2642.330078,2.712
"2281",2019-01-25,2664.76001,2.753
"2282",2019-01-28,2643.850098,2.744
"2283",2019-01-29,2640,2.712
"2284",2019-01-30,2681.050049,2.695
"2285",2019-01-31,2704.100098,2.635
"2286",2019-02-01,2706.530029,2.691
"2287",2019-02-04,2724.870117,2.724
"2288",2019-02-05,2737.699951,2.702
"2289",2019-02-06,2731.610107,2.702
"2290",2019-02-07,2706.050049,2.652
"2291",2019-02-08,2707.879883,2.632
"2292",2019-02-11,2709.800049,2.661
"2293",2019-02-12,2744.72998,2.684
"2294",2019-02-13,2753.030029,2.708
"2295",2019-02-14,2745.72998,2.657
"2296",2019-02-15,2775.600098,2.666
"2297",2019-02-19,2779.76001,2.647
"2298",2019-02-20,2784.699951,2.654
"2299",2019-02-21,2774.879883,2.688
"2300",2019-02-22,2792.669922,2.655
"2301",2019-02-25,2796.110107,2.673
"2302",2019-02-26,2793.899902,2.636
"2303",2019-02-27,2792.379883,2.693
"2304",2019-02-28,2784.48999,2.711
"2305",2019-03-01,2803.689941,2.755
"2306",2019-03-04,2792.810059,2.722
"2307",2019-03-05,2789.649902,2.722
"2308",2019-03-06,2771.449951,2.692
"2309",2019-03-07,2748.929932,2.636
"2310",2019-03-08,2743.070068,2.625
"2311",2019-03-11,2783.300049,2.643
"2312",2019-03-12,2791.52002,2.605
"2313",2019-03-13,2810.919922,2.611
"2314",2019-03-14,2808.47998,2.63
"2315",2019-03-15,2822.47998,2.593
"2316",2019-03-18,2832.939941,2.602
"2317",2019-03-19,2832.570068,2.614
"2318",2019-03-20,2824.22998,2.535
"2319",2019-03-21,2854.879883,2.537
"2320",2019-03-22,2800.709961,2.455
"2321",2019-03-25,2798.360107,2.42
"2322",2019-03-26,2818.459961,2.414
"2323",2019-03-27,2805.370117,2.374
"2324",2019-03-28,2815.439941,2.389
"2325",2019-03-29,2834.399902,2.414
"2326",2019-04-01,2867.189941,2.497
"2327",2019-04-02,2867.23999,2.481
"2328",2019-04-03,2873.399902,2.517
"2329",2019-04-04,2879.389893,2.512
"2330",2019-04-05,2892.73999,2.501
"2331",2019-04-08,2895.77002,2.519
"2332",2019-04-09,2878.199951,2.499
"2333",2019-04-10,2888.209961,2.477
"2334",2019-04-11,2888.320068,2.504
"2335",2019-04-12,2907.409912,2.56
"2336",2019-04-15,2905.580078,2.553
"2337",2019-04-16,2907.060059,2.592
"2338",2019-04-17,2900.449951,2.592
"2339",2019-04-18,2905.030029,2.56
"2340",2019-04-22,2907.969971,2.59
"2341",2019-04-23,2933.679932,2.57
"2342",2019-04-24,2927.25,2.522
"2343",2019-04-25,2926.169922,2.534
"2344",2019-04-26,2939.879883,2.505
"2345",2019-04-29,2943.030029,2.536
"2346",2019-04-30,2945.830078,2.509
